,artist,album,track
0,LANY,LANY,ILYSB
1,Electric Light Orchestra,A New World Record,Livin' Thing
2,Houndmouth,Little Neon Limelight,Sedona
3,Conan Gray,Sunset Season,Crush Culture
4,Flo Rida,My House,"I Don't Like It, I Love It (feat. Robin Thicke & Verdine White)"
5,Sweater Beats,Glory Days (feat. Hayley Kiyoko),Glory Days (feat. Hayley Kiyoko) - Party Pupils Remix
6,Migos,Culture II,Narcos
7,Electric Guest,Plural,Oh Devil
8,Sean McVerry,Creature Comfort,Creature Comfort
9,Iron & Wine,Our Endless Numbered Days,Sunset Soon Forgotten
10,Matthew Wilder,'80s Pop Hits,Break My Stride
11,Bruce Hornsby,Greatest Radio Hits,The Way It Is - Remastered
12,Gotye,Making Mirrors,Somebody That I Used To Know
13,AJR,The Click,I'm Not Famous
14,Post Malone,beerbongs & bentleys,Ball For Me (feat. Nicki Minaj)
15,The Head and the Heart,The Head and the Heart,Lost in My Mind
16,Grizfolk,Waking Up The Giants,Bounty On My Head
17,Drake,More Life,Get It Together
18,K'NAAN,Troubadour,Wavin' Flag - Coca-Cola® Celebration Mix
19,Lil Uzi Vert,Luv Is Rage 2,The Way Life Goes (feat. Oh Wonder)
20,Social House,Higher,Higher
21,Imagine Dragons,Roots,Roots
22,Charlie Heat,No Rain No Flowers,Sunshine
23,Sia,1000 Forms Of Fear (Deluxe Version),Elastic Heart
24,Rex Orange County,Pluto Projector,Pluto Projector
25,Leon Bridges,Coming Home,Lisa Sawyer
26,Kesha,Warrior (Expanded Edition),Die Young
27,Quinn XCII,Coffee,Coffee
28,Iris Temple,Your Nature,Your Nature
29,Ariana Grande,Sweetener,breathin
30,Rex Orange County,Loving Is Easy,Loving Is Easy
31,Panic! At The Disco,Death of a Bachelor,Death of a Bachelor
32,Maroon 5,Good Girl Gone Bad: Reloaded,If I Never See Your Face Again
33,XXXTENTACION,?,NUMB
34,King Princess,1950,1950
35,dvsn,SEPT 5TH,Hallucinations
36,OneRepublic,Waking Up,Secrets
37,Sia,This Is Acting (Deluxe Version),House On Fire
38,R3HAB,Rumors,Rumors - R3HAB & Skytech vs. Marvelus Fame Remix
39,Lennon Stella,"Love, me",La Di Da
40,The Script,The Script,Breakeven
41,Red Hot Chili Peppers,The Getaway,Feasting on the Flowers
42,EVAN GIIA,Switch Off,Switch Off
43,Ruel,Painkiller,Painkiller
44,Ariana Grande,Spanglish Favorites,The Way - Spanglish Version
45,Vance Joy,Nation of Two,Saturday Sun
46,Simon & Garfunkel,Sounds Of Silence,The Sound of Silence - Electric Version
47,OneRepublic,Connection,Connection
48,Beck,Colors,Dreams
49,Alexander 23,I Hate You So Much,I Hate You So Much
50,Jack Stauber,Pop Food,Buttercup
51,Glass Animals,How To Be A Human Being,Poplar St
52,Peachy!,Falling for U,Falling for U
53,The Shins,Wincing The Night Away,Phantom Limb
54,Niall Horan,Flicker,Slow Hands
55,Jack Johnson,On And On,Rodeo Clowns
56,Lost Kings,Phone Down (feat. Emily Warren),Phone Down (feat. Emily Warren)
57,Andrew McMahon in the Wilderness,Zombies On Broadway,Fire Escape
58,Phillip Phillips,The World From The Side Of The Moon,Home
59,Dennis Lloyd,Nevermind,Nevermind
60,Matt Maeson,Cringe,Cringe - Stripped
61,Jack Johnson,In Between Dreams,Good People
62,Post Malone,Hollywood's Bleeding,Staring At The Sun (feat. SZA)
63,Royse,Madness,Madness
64,half•alive,"Now, Not Yet",arrow
65,Alvaro Soler,Eterno Agosto,El Mismo Sol
66,Matoma,One in a Million,False Alarm
67,Weezer,Weezer (Green Album),Island In The Sun
68,R3HAB,Ain't That Why,Ain't That Why - Skytech Remix
69,Melborne,Big Racks.,Big Racks.
70,Dominic Fike,What Could Possibly Go Wrong,Superstar Sh*t
71,Rex Orange County,Apricot Princess,Sycamore Girl
72,Glass Animals,Tokyo Drifting,Tokyo Drifting (with Denzel Curry)
73,Avicii,The Days / Nights,The Nights
74,Lady Gaga,Joanne,Joanne
75,The Beatles,Rubber Soul,In My Life - Remastered 2009
76,Louis The Child,Kids At Play- EP,Ohhh Baby
77,Troye Sivan,Bloom,My My My!
78,Chance the Rapper,The Big Day,Do You Remember
79,Billie Eilish,"WHEN WE ALL FALL ASLEEP, WHERE DO WE GO?",i love you
80,Oasis,(What's The Story) Morning Glory? (Deluxe Edition) [Remastered],Champagne Supernova - Remastered
81,Dominic Fike,What Could Possibly Go Wrong,Chicken Tenders
82,Grace VanderWaal,Just The Beginning,Moonlight
83,Little Image,WORTH IT,WORTH IT
84,Tame Impala,Currents,Yes I'm Changing
85,Flipp Dinero,Leave Me Alone,Leave Me Alone
86,Flume,Lockjaw,Drop The Game
87,Weezer,Pacific Daydream,Feels Like Summer
88,Yusuf / Cat Stevens,Tea for the Tillerman,Wild World
89,Jon Bellion,The Human Condition,Maybe IDK
90,AJR,The Click,Weak
91,The Head and the Heart,Let's Be Still,Homecoming Heroes
92,Robotaki,Together We're Screwed,Together We're Screwed
93,Lotus,Push It!,Push It! - Remix
94,Khalid,American Teen,8TEEN
95,Kacey Musgraves,Golden Hour,Space Cowboy
96,Still Woozy,Lately EP,Maybe She
97,Rag'n'Bone Man,Human (Deluxe),Skin
98,Radical Face,Ghost,"Welcome Home, Son"
99,Bruno Mars,Unorthodox Jukebox,When I Was Your Man
100,Eagles,The Very Best of the Eagles,Seven Bridges Road - Live; 2013 Remaster
101,Jon Bellion,Glory Sound Prep,JT
102,Cage The Elephant,Tell Me I'm Pretty,Cold Cold Cold
103,Macklemore,GEMINI,Good Old Days (feat. Kesha)
104,Yoke Lore,Goodpain,Beige
105,AJR,Neotheater,100 Bad Days
106,Glass Animals,Dreamland,Helium
107,Sublime,Sublime Greatest Hits,Doin' Time
108,The Head and the Heart,Signs of Light,Rhythm & Blues
109,Jack Johnson,Jack Johnson And Friends: Sing-A-Longs And Lullabies For The Film Curious George,Upside Down
110,CeeLo Green,Kung Fu Panda,Kung Fu Fighting
111,Russ,Ain't Nobody Takin My Baby,Ain't Nobody Takin My Baby
112,Louis The Child,Big Time,Big Time - X Games Theme
113,Jukebox The Ghost,Off To The Races,Everybody's Lonely
114,H.E.R.,Hard Place,Hard Place
115,Quinn XCII,Second Time Around,Second Time Around
116,Desiigner,New English,Panda
117,MNEK,Colour,Colour
118,Jon Bellion,Glory Sound Prep,Couples Retreat
119,Camila Cabello,Real Friends,Real Friends
120,Post Malone,beerbongs & bentleys,Spoil My Night (feat. Swae Lee)
121,Tones And I,The Kids Are Coming,Dance Monkey
122,Alec Benjamin,These Two Windows,Must Have Been The Wind
123,U2,The Joshua Tree,Sweetest Thing
124,Post Malone,Stoney,I Fall Apart
125,Halsey,hopeless fountain kingdom,Strangers
126,Louis The Child,Kids At Play- EP,Interstellar
127,MisterWives,Our Own House,Vagabond
128,R. Kelly,Double Up,I'm a Flirt Remix (feat. T.I. & T-Pain) - Radio Version
129,Dua Lipa,Thinking 'Bout You,Thinking 'Bout You
130,Zara Larsson,Don't Worry Bout Me,Don't Worry Bout Me
131,Dua Lipa,Physical,Physical
132,Khalid,Free Spirit,Right Back
133,Dexys Midnight Runners,Come On Eileen / Dubious,Come On Eileen
134,Eagles,Hotel California,New Kid in Town - 2013 Remaster
135,Linkin Park,One More Light,Heavy (feat. Kiiara)
136,Quinn XCII,The Story of Us,One Day At A Time
137,Chet Faker,Thinking In Textures,No Diggity
138,The Weeknd,Starboy,I Feel It Coming
139,Carlie Hanson,Us,Us
140,Bleachers,Gone Now,Don't Take The Money
141,Lostboycrow,Happy New Year,Happy New Year
142,Noah Kahan,Hurt Somebody,Catastrophize
143,Snakehips,Don't Leave,Don't Leave
144,MisterWives,Our Own House,Our Own House
145,Matoma,One in a Million,Lonely (feat. MAX)
146,MGMT,Oracular Spectacular,Time to Pretend
147,Jerry Douglas,Traveler,The Boxer feat. Mumford & Sons and Paul Simon
148,Post Malone,Hollywood's Bleeding,Take What You Want (feat. Ozzy Osbourne & Travis Scott)
149,half•alive,3,Tip Toes
150,Stevie Wonder,Number 1's,Sir Duke
151,Jon Bellion,Translations Through Speakers,Waves Of Loneliness
152,The Beatles,The Beatles,Blackbird - Remastered 2009
153,La La Land Cast,La La Land,Another Day Of Sun
154,Azizi Gibson,Backward Books 2,Rain
155,Louis The Child,Here For Now,Free (with Drew Love)
156,Capital Cities,In A Tidal Wave Of Mystery,Love Away
157,Kygo,Golden Hour,Broken Glass
158,Ellie Goulding,Halcyon,Anything Could Happen
159,Khalid,Free Spirit,Twenty One
160,Hippie Sabotage,Options,Options
161,Young the Giant,Young The Giant,My Body
162,Kodaline,In A Perfect World,All I Want
163,Dominic Fike,Phone Numbers,Phone Numbers
164,Joey Pecoraro,Tired Boy,Tired Boy
165,Labrinth,Euphoria (Original Score from the HBO Series),We All Knew
166,Cardi B,Invasion of Privacy,I Like It
167,ayokay,The Shine (feat. Chelsea Cutler),The Shine (feat. Chelsea Cutler)
168,Bea Miller,aurora,S.L.U.T.
169,Still Woozy,Lately EP,Habit
170,Gavin DeGraw,Chariot,I Don't Want to Be
171,The Greeting Committee,I'm Afraid I'm Not Angry,Cry Baby
172,Bazzi,Soul Searching,Focus (feat. 21 Savage)
173,Lorde,Melodrama,Homemade Dynamite - REMIX
174,Mumford & Sons,Delta,Guiding Light
175,Dua Lipa,Dua Lipa,Kiss and Make Up
176,Kina,Get You The Moon (feat. Snøw),Get You The Moon (feat. Snøw)
177,Coldplay,Orphans / Arabesque,Orphans
178,Foster The People,Torches,Pumped Up Kicks
179,G-Eazy,When It's Dark Out,Some Kind Of Drug (feat. Marc E. Bassy)
180,Louis The Child,World On Fire,World On Fire
181,The Postal Service,Give Up (Deluxe 10th Anniversary Edition),Such Great Heights - Remastered
182,Bazzi,COSMIC,Star
183,Ariana Grande,"thank u, next",imagine
184,MAGIC GIANT,In The Wind,Set On Fire
185,Russ,There's Really A Wolf,Pull The Trigger
186,Louis The Child,Kids At Play- EP,The City (with Quinn XCII)
187,Russ,Just In Case,Nobody Knows
188,Michl,Better With You,Better With You
189,Jacob Banks,Fifty Shades Freed,Diddy Bop (x Louis The Child)
190,Daft Punk,Random Access Memories,Doin' it Right (feat. Panda Bear)
191,Sigrid,Raw,Schedules
192,Atlas Genius,When It Was Now,Trojans
193,Lostboycrow,Devil's in the Backseat,Devil's in the Backseat
194,John Mayer,Heavier Things,Clarity
195,Hoodie Allen,People Keep Talking,Won't Mind (feat. MAX)
196,Lake Street Dive,Free Yourself Up,Good Kisser
197,Billie Eilish,"WHEN WE ALL FALL ASLEEP, WHERE DO WE GO?",xanny
198,Ilan Bluestone,Group Therapy 315,Cosmic Feeling (ABGT315) - ilan Bluestone Club Mix
199,Flume,Skin,Never Be Like You (feat. Kai)
200,Twenty One Pilots,Blurryface,Heavydirtysoul
201,Cool Company,Lockjaw,Lockjaw - Cool Company Remix
202,Charlie Puth,Nine Track Mind,We Don't Talk Anymore (feat. Selena Gomez)
203,The Beatles,1,Hey Jude - Remastered 2015
204,ODESZA,A Moment Apart (Deluxe Edition),Just A Memory (feat. Regina Spektor)
205,The Weeknd,Blinding Lights,Blinding Lights
206,Alec Benjamin,Narrated For You,Gotta Be A Reason
207,The Wombats,Beautiful People Will Ruin Your Life,Turn
208,Arizona Zervas,ROXANNE,ROXANNE
209,Band of Horses,Everything All The Time,The Funeral
210,Coldplay,X&Y,Swallowed in the Sea
211,The Neighbourhood,I Love You.,Sweater Weather
212,Louis The Child,It's Strange (feat. K.Flay),It's Strange (feat. K.Flay)
213,Jon Bellion,The Human Condition,iRobot
214,EVAN GIIA,Stepping Stones,Stepping Stones
215,The Lumineers,The Lumineers,Submarines
216,BENEE,STELLA & STEVE,Find an Island
217,Bastille,Bad Blood,Flaws
218,Chicago,Chicago V,Saturday in the Park - 2002 Remaster
219,Jack Ü,Skrillex and Diplo present Jack Ü,Where Are Ü Now (with Justin Bieber)
220,Alec Benjamin,These Two Windows,Just Like You
221,Bea Miller,Not An Apology,Fire N Gold
222,Mat Kearney,CRAZYTALK,Kings & Queens
223,Co-Stanza,I Don't Mind,I Don't Mind
224,Dua Lipa,Dua Lipa,Begging
225,Camila Cabello,Crying in the Club,Crying in the Club
226,Coldplay,Ghost Stories,Magic
227,Cage The Elephant,Melophobia,Cigarette Daydreams
228,The Black Keys,Brothers,Tighten Up
229,Quinn XCII,The Story of Us,Worst
230,Billie Eilish,"WHEN WE ALL FALL ASLEEP, WHERE DO WE GO?",wish you were gay
231,Alexander 23,I'm Sorry I Love You,Sad
232,Lil Tecca,We Love You Tecca,Ransom
233,Quinn XCII,From Michigan With Love,Sad Still
234,Sleeping At Last,Masquerade,Masquerade
235,Daði Freyr,Think About Things,Think About Things
236,Lennon Stella,Three. Two. One.,Fear Of Being Alone
237,Bruno Mars,24K Magic,Versace on the Floor
238,Quinn XCII,The Story of Us,Fake Denim
239,Bryce Vine,The Fall,The Fall
240,BabyJake,Blue Cellophane,Blue Cellophane
241,Matoma,Lonely (feat. MAX),Lonely (feat. MAX)
242,Unknown Mortal Orchestra,Sex & Food,Hunnybee
243,Rex Orange County,Bcos U Will Never B Free,Corduroy Dreams
244,Young T & Bugsey,Don't Rush (feat. DaBaby),Don't Rush (feat. DaBaby)
245,Niall Horan,Flicker,On The Loose
246,Jon Bellion,The Human Condition,The Good In Me
247,James Bay,Chaos And The Calm,Let It Go
248,Andrew McMahon in the Wilderness,Andrew McMahon In The Wilderness,Cecilia And The Satellite
249,Red Hot Chili Peppers,By the Way,Can't Stop
250,OneRepublic,Oh My My,Kids
251,Sigrid,Sucker Punch,In Vain
252,Adele,25,Remedy
253,Alison Wonderland,Awake,No
254,Troye Sivan,Blue Neighbourhood,HEAVEN
255,OneRepublic,Waking Up,Good Life
256,Rihanna,FourFiveSeconds,FourFiveSeconds
257,Taylor Swift,reputation,Dancing With Our Hands Tied
258,Rex Orange County,Pony,10/10
259,Alec Benjamin,These Two Windows,Demons
260,Louis The Child,Every Color (with Foster The People),Every Color (with Foster The People)
261,Declan McKenna,What Do You Think About the Car?,Make Me Your Queen
262,AJR,Neotheater,Birthday Party
263,"Crosby, Stills & Nash",Greatest Hits,Southern Cross
264,Tom Misch,I Wish,I Wish
265,Twenty One Pilots,Vessel,Semi-Automatic
266,The Weeknd,Starboy,Starboy
267,Glass Animals,Dreamland,Tangerine
268,The Head and the Heart,Living Mirage,Honeybee
269,Randy Newman,"Monsters, Inc.",Boo's Going Home
270,ROLE MODEL,blind,blind
271,fun.,Some Nights,We Are Young (feat. Janelle Monáe)
272,Powfu,death bed (coffee for your head),death bed (coffee for your head)
273,OneRepublic,Native,Love Runs Out
274,SAYGRACE,FMA,You Don't Own Me (feat. G-Eazy)
275,Lorde,Pure Heroine,Tennis Court
276,Camila Cabello,Camila,Never Be the Same
277,U2,The Joshua Tree,Where The Streets Have No Name - Remastered
278,Jack Johnson,Brushfire Fairytales,Bubble Toes
279,Leland,Sierra Burgess is a Loser (Original Motion Picture Soundtrack),Latitude
280,Stevie Wonder,Songs In The Key Of Life,I Wish
281,Alexander 23,I'm Sorry I Love You,Dirty AF1s
282,Russ,SHAKE THE SNOW GLOBE,CIVIL WAR - Bonus
283,Louis The Child,Don't Mind,Don't Mind
284,Chelsea Cutler,You're Not Missing Me,You're Not Missing Me
285,Alec Benjamin,Narrated For You,If We Have Each Other
286,Bastille,All This Bad Blood,Of The Night
287,Perfume Genius,No Shape,Slip Away
288,Labrinth,Euphoria (Original Score from the HBO Series),WTF Are We Talking For
289,SHAED,MELT,Trampoline
290,Billie Eilish,lovely (with Khalid),lovely (with Khalid)
291,Cardi B,Invasion of Privacy,Be Careful
292,Billie Eilish,"WHEN WE ALL FALL ASLEEP, WHERE DO WE GO?",goodbye
293,Post Malone,beerbongs & bentleys,Otherside
294,Cordae,The Lost Boy,RNP (feat. Anderson .Paak)
295,John Mayer,Heavier Things,Daughters
296,Lord Huron,Strange Trails,Fool for Love
297,Dylan Jordan,aliso,aliso
298,Lipps Inc.,Paradas Continuas,Funky Town
299,George Ezra,Staying at Tamara's,Shotgun
300,Bryce Vine,La La Land EP,La La Land (feat. YG) - ARKADI Remix
301,Matt Maeson,Bank On The Funeral,Hallucinogenics
302,okaywill,Falling for You,Cold
303,Jon Bellion,Translations Through Speakers,Timeless
304,The Paper Kites,Woodland - EP,Bloom - Bonus Track
305,Alicia Keys,Girl on Fire (Remixes) - EP,Girl on Fire
306,Rihanna,ANTI,Love On The Brain
307,The Strumbellas,Hope,Spirits
308,Tierra Whack,Only Child,Only Child
309,Taylor Swift,Delicate,Delicate - Sawyr And Ryan Tedder Mix
310,Sigrid,Sucker Punch,Never Mine
311,Rex Orange County,Pony,Pluto Projector
312,Justin Timberlake,SoulMate,SoulMate
313,Drake,Scorpion,God's Plan
314,Troye Sivan,Blue Neighbourhood,BITE
315,Russ,ZOO,Missin You Crazy
316,Rihanna,Talk That Talk,Where Have You Been
317,Rita Ora,Phoenix,Anywhere
318,WILLOW,ARDIPITHECUS,Wait a Minute!
319,Ruel,Free Time,Real Thing
320,Gucci Mane,Evil Genius,Wake Up in the Sky
321,Post Malone,Spider-Man: Into the Spider-Verse,Sunflower - Spider-Man: Into the Spider-Verse
322,Cardi B,Please Me,Please Me
323,Dua Lipa,Be the One,Be the One
324,Luis Fonsi,VIDA,Despacito - Remix
325,Surfaces,Where the Light Is,Sunday Best
326,Labrinth,Imagination & the Misfit Kid,Something's Got To Give
327,Quinn XCII,From Michigan With Love,Life Must Go On
328,Robin Schulz,Sugar,Headlights (feat. Ilsey)
329,Elton John,Diamonds,Daniel - Remastered
330,John Mayer,Continuum,Slow Dancing in a Burning Room
331,Death Cab for Cutie,I Dreamt We Spoke Again,I Dreamt We Spoke Again - Louis the Child Remix
332,Cautious Clay,"Insecure: Music from the HBO Original Series, Season 3",Cold War
333,Macklemore & Ryan Lewis,The Heist,Can't Hold Us - feat. Ray Dalton
334,Red Hot Chili Peppers,Blood Sugar Sex Magik,Under the Bridge
335,Madison Beer,As She Pleases,Home with You
336,Cash Cash,Finest Hour (feat. Abir),Finest Hour (feat. Abir)
337,Lady Gaga,A Star Is Born Soundtrack,I Don't Know What Love Is
338,Sugar Ray,The Best Of Sugar Ray,When It's Over - Remastered
339,Bazzi,Soul Searching,Humble Beginnings
340,Whitley,The Submarine,More Than Life
341,Cage The Elephant,Social Cues,Social Cues
342,Jon Bellion,The Separation,2 Rocking Chairs
343,Passion Pit,Gossamer,Take a Walk
344,Third Eye Blind,A Collection,Semi-Charmed Life - 2006 Remaster
345,DJ Snake,You Know You Like It,You Know You Like It
346,Imagine Dragons,Evolve,Whatever It Takes
347,Grace Forsage,Smoke,Smoke
348,City and Colour,Bring Me Your Love (Special Edition),The Girl
349,Plain White T's,All That We Needed,Hey There Delilah
350,Macklemore & Ryan Lewis,The Heist [Deluxe Edition],Same Love (feat. Mary Lambert)
351,AJR,The Click,The Good Part
352,Quinn XCII,The Story of Us,Flare Guns
353,Twenty One Pilots,The Hype,The Hype - Alt Mix
354,Surfaces,Where the Light Is,This View
355,Vice,Obsession (feat. Jon Bellion),Obsession (feat. Jon Bellion)
356,Nicki Minaj,Yikes,Yikes
357,Gabe Dixon,The Gabe Dixon Band,All Will Be Well
358,Pink Sweat$,I Wanna Be Yours,I Wanna Be Yours
359,Marshmello,Silence,Silence
360,Iron & Wine,Our Endless Numbered Days,Each Coming Night
361,Lovelier Other,Hidden Shelters,Hidden Shelters
362,Post Malone,Hollywood's Bleeding,Goodbyes (feat. Young Thug)
363,Hozier,Hozier (Expanded Edition),Take Me to Church
364,Still Woozy,Lately EP,Lava
365,Christina Aguilera,Liberation,Deserve
366,Kim Petras,Can't Do Better,Can't Do Better
367,Kacey Musgraves,Golden Hour,"Oh, What A World"
368,Khalid,American Teen,Young Dumb & Broke
369,Peter Bjorn and John,Writer's Block,Young Folks
370,Lennon Stella,Three. Two. One.,Much Too Much
371,Eagles,The Very Best of the Eagles,Desperado - 2013 Remaster
372,DROELOE,Sunburn,Sunburn
373,Dua Lipa,Dua Lipa,Dreams
374,Noah Kahan,Busyhead,Hurt Somebody
375,Healy,Subluxe,Reckless
376,Tow'rs,Tow'rs,Belly of the Deepest Love
377,The Winery Dogs,DOG YEARS EP,Love Is Alive
378,Billie Eilish,dont smile at me,ocean eyes
379,The Chainsmokers,Sick Boy,This Feeling
380,Quinn XCII,Change of Scenery,Wounds
381,Dua Lipa,Thinking 'Bout You,Thinking 'Bout You - DECCO Remix
382,FINNEAS,Let’s Fall In Love For The Night,Let's Fall in Love for the Night
383,Whethan,Can't Hide,Can't Hide
384,Billie Eilish,everything i wanted,everything i wanted
385,Grouplove,Big Mess,Welcome to Your Life
386,Troye Sivan,Bloom,Postcard (feat. Gordi)
387,NEEDTOBREATHE,Brother,Brother (feat. Gavin DeGraw)
388,Lil Nas X,7 EP,Panini
389,Bazzi,COSMIC,3:15
390,Charli XCX,1999,1999
391,ODESZA,In Return,Say My Name (feat. Zyra)
392,The Wombats,Glitterbug,Greek Tragedy
393,Neon Trees,Picture Show,Everybody Talks
394,Tame Impala,It Might Be Time,It Might Be Time
395,Muse,Black Holes and Revelations,Starlight
396,NGHTMRE,FEELING GUD,FEELING GUD
397,Wings,Wingspan,Listen To What The Man Said
398,Russ,There's Really A Wolf,What They Want
399,Panic! At The Disco,"Too Weird to Live, Too Rare to Die!",This Is Gospel
400,Zhavia Ward,Deep Down,Deep Down
401,Billie Eilish,dont smile at me,bellyache
402,The Head and the Heart,Let's Be Still,Another Story
403,Bastille,Doom Days,Doom Days
404,The Beatles,Abbey Road,Oh! Darling - Remastered 2009
405,The Beatles,Help!,Yesterday - Remastered 2009
406,Beach Weather,Chit Chat,"Sex, Drugs, Etc."
407,Miniature Tigers,Tell It to the Volcano,Hot Venom
408,MAX,Love Me Less (feat. Quinn XCII),Love Me Less (feat. Quinn XCII)
409,Khalid,Free Spirit,Bad Luck
410,Rex Orange County,Apricot Princess,Nothing
411,Fifth Harmony,Fifth Harmony,Down (feat. Gucci Mane)
412,The Beatles,The Beatles 1967 - 1970,Hey Jude - Remastered 2009
413,Hippo Campus,Bashful Creatures,Suicide Saturday
414,Shawn Mendes,Illuminate,Mercy
415,Madison Beer,Dear Society,Dear Society
416,Terry Jacks,Radio Hits Of the '70s,Seasons in the Sun
417,Hippo Campus,Bambi,Doubt
418,ODESZA,A Moment Apart,Line Of Sight (feat. WYNNE & Mansionair)
419,Dua Lipa,Future Nostalgia,Levitating
420,Flume,Skin,Take a Chance (feat Little Dragon)
421,Dire Straits,Dire Straits,Sultans of Swing
422,Quinn XCII,The Story of Us,Always Been You
423,Flume,Friends,Friends
424,Lennon Stella,Three. Two. One.,Games
425,Hippo Campus,Bambi,Golden
426,Miguel,War & Leisure,Sky Walker (feat. Travis Scott)
427,Alexander 23,I'm Sorry I Love You,When I Die
428,Of Monsters and Men,My Head Is An Animal,King And Lionheart
429,Khalid,American Teen,Keep Me
430,Loud Luxury,Body,Body
431,Big Gigantic,Brighter Future,"All of Me (feat. Logic, ROZES)"
432,Gnarls Barkley,St. Elsewhere,Crazy
433,Lonely God,Marlboro Nights,Marlboro Nights
434,Bruno Mars,Unorthodox Jukebox,Young Girls
435,K.Flay,Every Where Is Some Where,Blood In The Cut
436,Kings of Leon,Only By The Night,Use Somebody
437,Bruno Mars,24K Magic,24K Magic
438,Halsey,hopeless fountain kingdom,Bad At Love
439,Jack Johnson,In Between Dreams,Banana Pancakes
440,One Direction,Made In The A.M.,Olivia
441,Spencer Sutherland,Tell Me,Tell Me
442,Twenty One Pilots,Vessel,The Run and Go
443,Jack Johnson,Jack Johnson And Friends: Sing-A-Longs And Lullabies For The Film Curious George,Supposed To Be
444,Bruno Mars,Doo-Wops & Hooligans,Talking to the Moon
445,Jon Bellion,Glory Sound Prep,Conversations with my Wife
446,Hoodie Allen,People Keep Talking,All About It (feat. Ed Sheeran)
447,AJR,Neotheater,The Entertainment's Here
448,Adele,21,Someone Like You
449,Jess Glynne,Always in Between,I'll Be There
450,Hippo Campus,Bambi,Bambi
451,Lennon Stella,"Love, me",Breakaway
452,Cherub,Year of the Caprese,Doses & Mimosas
453,Coldplay,X&Y,Talk
454,The Score,ATLAS,Oh My Love
455,Pharrell Williams,Sangria Wine,Sangria Wine
456,Big Sean,I Decided.,Bounce Back
457,Paramore,Paramore,Ain't It Fun
458,Bob Marley & The Wailers,Exodus 40,Three Little Birds - Exodus 40 Mix
459,Dua Lipa,Dua Lipa,New Rules
460,Of Monsters and Men,My Head Is An Animal,Little Talks
461,JR JR,JR JR,Gone
462,Khalid,Suncity,Saturday Nights
463,Young the Giant,Mind Over Matter,Mind Over Matter
464,Kevin Abstract,ARIZONA BABY,Baby Boy
465,Russ,There's Really A Wolf,Cherry Hill
466,Louis The Child,Here For Now,We Are Here For Now
467,Maroon 5,Hands All Over,Misery
468,Quinn XCII,From Michigan With Love,U & Us
469,Elton John,Don't Shoot Me I'm Only The Piano Player,Crocodile Rock
470,Billie Eilish,dont smile at me,watch
471,The Head and the Heart,Signs of Light,City of Angels
472,Rihanna,American Oxygen,American Oxygen
473,Juice WRLD,Goodbye & Good Riddance,Lucid Dreams
474,Rhye,Woman,Open
475,Eagles,The Very Best of the Eagles,Peaceful Easy Feeling - 2013 Remaster
476,Hoodie Allen,All American,No Interruption
477,Louis The Child,Kids At Play - EP,Dear Sense (with MAX) - Manic Focus Remix
478,Sara Bareilles,Kaleidoscope Heart,King of Anything
479,Jon Bellion,The Definition,Run Wild
480,Polo & Pan,Caravelle,Nanã
481,Hozier,Hozier (Expanded Edition),Cherry Wine - Live
482,Glass Animals,How To Be A Human Being,Youth
483,Maggie Lindemann,Pretty Girl,Pretty Girl - Cheat Codes X CADE Remix
484,Coldplay,A Rush of Blood to the Head,In My Place
485,Travis Scott,ASTROWORLD,SICKO MODE
486,BØRNS,Dopamine,Electric Love
487,Vista Kicks,Twenty Something Nightmare,If I Didn't Have You
488,Mumford & Sons,Babel,Where Are You Now
489,Bad Suns,Mystic Truth,Away We Go
490,AJR,The Click,I'm Not Famous
491,COIN,How Will You Know If You Never Try,Malibu 1992
492,Flume,Skin,Tiny Cities (feat. Beck)
493,Bruno Mars,24K Magic,That's What I Like
494,tobi lou,tobi lou and the Loop - EP,Buff Baby
495,Cash Cash,Mean It (feat. Wrabel),Mean It (feat. Wrabel)
496,Troye Sivan,Blue Neighbourhood,WILD
497,Troye Sivan,Bloom,Dance To This (feat. Ariana Grande)
498,Kacey Musgraves,Golden Hour,Golden Hour
499,Kodaline,Wherever You Are,Wherever You Are
500,Judah & the Lion,Folk Hop N' Roll,Suit And Jacket
501,New Politics,Lost in Translation,One of Us
502,Flume,Lockjaw,Drop The Game
503,Jack Johnson,Jack Johnson And Friends: Sing-A-Longs And Lullabies For The Film Curious George,Wrong Turn
504,Jack Johnson,Jack Johnson And Friends: Sing-A-Longs And Lullabies For The Film Curious George,Questions
505,Post Malone,beerbongs & bentleys,Candy Paint
506,Mac Miller,Swimming,Small Worlds
507,Electric Light Orchestra,All Over The World: The Very Best Of ELO,Evil Woman
508,The Beatles,Please Please Me,Twist And Shout - Remastered 2009
509,Troye Sivan,Blue Neighbourhood,COOL
510,Bahamas,Barchords,Lost In The Light
511,America,America's Greatest Hits - History,Tin Man
512,Thirty Seconds To Mars,AMERICA,Dangerous Night
513,Summer Salt,Driving to Hawaii,Driving to Hawaii
514,Afrojack,Press Play,Bringin It Back
515,Cage The Elephant,Social Cues,House Of Glass
516,Foster The People,Sacred Hearts Club,Sit Next to Me
517,Labrinth,Jealous,Jealous
518,Quinn XCII,From Michigan With Love,Autopilot
519,Ariana Grande,Sweetener,God is a woman
520,Red Hot Chili Peppers,Greatest Hits,Scar Tissue
521,DOUBLECAMP,Wake Up,Wake Up
522,Charlie Puth,Voicenotes,How Long
523,Elton John,Diamonds,I Guess That's Why They Call It The Blues - Remastered
524,Glass Animals,How To Be A Human Being,Cane Shuga
525,Cadillac Sky,Blind Man Walking,Born Lonesome
526,Jalen Santoy,Foreplay,Foreplay
527,DaBaby,KIRK,TOES (feat. Lil Baby & Moneybagg Yo)
528,Black Coast,Trndsttr,Trndsttr - Lucian Remix
529,MGMT,Oracular Spectacular,Electric Feel
530,Shaggy,Hot Shot,It Wasn't Me
531,Vampire Weekend,Father of the Bride,This Life
532,Harry Styles,Fine Line,Lights Up
533,Glass Animals,How To Be A Human Being,Pork Soda
534,Jon Bellion,The Human Condition,Hand Of God - Outro
535,The Growlers,Chinese Fountain,Going Gets Tough
536,Jack Johnson,From Here To Now To You,Tape Deck
537,GRACEY,Imposter Syndrome,Fingers Crossed
538,Lewis Blissett,Killing Butterflies,Killing Butterflies
539,Beck,Colors,Wow
540,Joe Walsh,"But Seriously, Folks...",Life's Been Good
541,Zion I,The Take Over,Coastin'
542,Elton John,Diamonds,Rocket Man (I Think It's Going To Be A Long Long Time) - Remastered
543,Frank Ocean,Moon River,Moon River
544,Sia,"LABRINTH, SIA & DIPLO PRESENT... LSD","Thunderclouds (feat. Sia, Diplo, and Labrinth)"
545,Quinn XCII,From Michigan With Love,Werewolf (feat. Yoshi Flower)
546,Fleetwood Mac,Fleetwood Mac,Landslide
547,John Mayer,Continuum,Waiting On the World to Change
548,Bazzi,Soul Searching,Can We Go Back to Bed?
549,Childish Gambino,Kauai,Sober
550,Alexander 23,I'm Sorry I Love You,Mars
551,Khalid,Suncity,Suncity (feat. Empress Of)
552,Troye Sivan,Easy,Easy
553,Yael Naim,Yael Naïm,New Soul
554,Sara Bareilles,Little Voice,Love Song
555,Andy Grammer,Andy Grammer,Keep Your Head Up
556,INZO,Overthinker,Overthinker
557,NF,Perception,Let You Down
558,dwilly,CRAYOLA,fade
559,Young the Giant,Mirror Master,Heat of the Summer
560,La Roux,La Roux,Bulletproof
561,Jullian,Buttercup,Buttercup
562,The Five Stairsteps,The First Family of Soul: The Best of The Five Stairsteps,O-o-h Child
563,Tiësto,BLUE,BLUE
564,Vanic,Too Soon (Remixes) (feat. Maty Noyes),Too Soon (feat. Maty Noyes) - heroless Remix
565,Declan McKenna,What Do You Think About the Car?,Brazil
566,New Politics,Vikings,West End Kids
567,Tow'rs,New Nostalgia,Water Under the Bridge
568,U2,War,Sunday Bloody Sunday - Remastered 2008
569,Lorde,Melodrama,Liability
570,Russ,There's Really A Wolf,Losin Control
571,Staring in Spaces,Stop Talking,Dance With U
572,Diplo,Get It Right,Get It Right
573,Metro Station,Metro Station,Shake It
574,Ritt Momney,Her and All of My Friends,Phoebe
575,Hozier,"Wasteland, Baby!",To Noise Making (Sing)
576,Quinn XCII,From Michigan With Love,Holding Hands (feat. Elohim)
577,Rex Orange County,Apricot Princess,Television / So Far So Good
578,Hozier,Hozier (Expanded Edition),Work Song
579,Troye Sivan,Bloom,Animal
580,Vance Joy,Nation of Two,Like Gold
581,Marshmello,Joytime III,Put Yo Hands Up
582,Alexander 23,I'm Sorry I Love You,See You Later
583,Adam Melchor,SUMMER CAMP,30 MINUTES
584,Declan McKenna,What Do You Think About the Car?,Why Do You Feel So Down
585,Family of the Year,Loma Vista,Hero
586,American Authors,Microphone,Microphone
587,DJYung$avage,Scorpion (Chopped & Screwed),Sandra's Rose
588,Eagles,The Very Best of the Eagles,Life in the Fast Lane - 2013 Remaster
589,Billie Eilish,come out and play,come out and play
590,Little Mix,LM5 (Deluxe),Wasabi
591,The Vamps,Meet The Vamps,Somebody To You
592,Bryce Vine,The Fall,The Fall
593,Jack Johnson,Sleep Through The Static,If I Had Eyes
594,Lostboycrow,Santa Fe,Since the Day I Was Born
595,Labrinth,Imagination & the Misfit Kid,Where The Wild Things
596,Khalid,Free Spirit,Don't Pretend (feat. SAFE)
597,Coldplay,Parachutes,Yellow
598,Bazzi,Young & Alive,Young & Alive
599,Jon Bellion,The Human Condition,He Is The Same
600,Alessia Cara,The Pains Of Growing,Not Today
601,Jon Bellion,Crop Circles,Crop Circles
602,Ariana Grande,"thank u, next","thank u, next"
603,Cailee Rae,Deeper,Deeper
604,Coldplay,Parachutes,Don't Panic
605,Shawn Mendes,Shawn Mendes,In My Blood
606,Alina Baraz,Electric (feat. Khalid),Electric (feat. Khalid)
607,Bruno Mars,Unorthodox Jukebox,Gorilla
608,Elton John,Madman Across The Water,Tiny Dancer
609,Lady Gaga,A Star Is Born Soundtrack,Shallow
610,Cold War Kids,Hold My Home,First
611,The Head and the Heart,Let's Be Still,Gone
612,The Beatles,Yellow Submarine Songtrack,Eleanor Rigby
613,Mumford & Sons,Babel,I Will Wait
614,Judah & the Lion,Folk Hop N' Roll,Take It All Back 2.0
615,Jon Bellion,The Human Condition,Guillotine
616,Mumford & Sons,Blind Leading The Blind,Blind Leading The Blind
617,Queen,The Platinum Collection,We Are The Champions - Remastered 2011
618,Jack Johnson,In Between Dreams,Constellations
619,Hippo Campus,Landmark,Buttercup
620,Two Feet,Love Is a Bitch,Love Is a Bitch
621,The Killers,Hot Fuss,Mr. Brightside
622,Hozier,"Wasteland, Baby!",Almost (Sweet Music)
623,ROLE MODEL,"oh, how perfect",hello!
624,Baaba Maal,The Traveller,There Will Be Time
625,Chance the Rapper,Acid Rap,Cocoa Butter Kisses
626,Childish Gambino,"""Awaken, My Love!""",Redbone
627,Passenger,All the Little Lights,Let Her Go
628,Hippo Campus,Demos II,Ease up Kid - Demo
629,Walk Off the Earth,Sing It All Away,Rule the World
630,Hozier,"Wasteland, Baby!",Movement
631,Commodores,Commodores,Easy
632,U2,The Joshua Tree,One Tree Hill
633,Ariana Grande,"thank u, next","break up with your girlfriend, i'm bored"
634,Don Toliver,Heaven Or Hell,After Party
635,Tove Lo,BLUE LIPS,cycles
636,Wes Walker,Jordan Belfort,Jordan Belfort
637,Khalid,Suncity,Better
638,The Head and the Heart,The Head and the Heart,Sounds Like Hallelujah
639,Marshmello,FRIENDS,FRIENDS
640,DJ Snake,Encore,Middle
641,Eagles,The Very Best of the Eagles,Lyin' Eyes - 2013 Remaster
642,Queen,The Platinum Collection,We Will Rock You - Remastered
643,Landon Pigg,The Boy Who Never,Falling in Love at a Coffee Shop
644,Arctic Monkeys,AM,Knee Socks
645,The Chainsmokers,Roses (feat. ROZES),Roses (feat. ROZES)
646,Whethan,"Life of a Wallflower, Vol. 1",Good Nights (feat. Mascolo)
647,Shawn Mendes,Señorita,Señorita
648,Sia,"LABRINTH, SIA & DIPLO PRESENT... LSD","Audio (feat. Sia, Diplo, and Labrinth)"
649,Louis The Child,Love Is Alive,Love Is Alive
650,Mac Miller,Swimming,Jet Fuel
651,Khalid,American Teen,Hopeless
652,Julia Michaels,Fifty Shades Freed,Heaven
653,Big Boi,BOOMIVERSE,All Night
654,Cage The Elephant,Social Cues,Night Running
655,Louis The Child,Kids At Play- EP,LOVE (with Elohim)
656,YG,4REAL 4REAL,"Go Loko (feat. Tyga, Jon Z)"
657,Dua Lipa,Dua Lipa,Garden
658,Bastille,Wild World,Good Grief
659,Ruel,Dazed & Confused,Dazed & Confused
660,Ingrid Michaelson,Be OK,Can't Help Falling In Love (Recorded Live at Daytrotter)
661,PRETTYMUCH,Phases,Phases
662,Billie Eilish,"WHEN WE ALL FALL ASLEEP, WHERE DO WE GO?",my strange addiction
663,Shelley FKA DRAM,Broccoli,Broccoli
664,Troye Sivan,Bloom,Plum
665,Alec Benjamin,These Two Windows,Mind Is A Prison
666,Kaiydo,Fruit Punch,Fruit Punch
667,Coldplay,Ghost Stories,A Sky Full of Stars
668,Khalid,Know Your Worth,Know Your Worth
669,Melanie Faye,Super Sad Always,Super Sad Always
670,AJR,The Click,Netflix Trip
671,Jack Stauber's Micropop,Shop: A Pop Opera,Coffee
672,Mat Kearney,CRAZYTALK,Memorized
673,DOUBLECAMP,Whenever You Call,Whenever You Call
674,Ryan Beatty,Boy in Jeans,Haircut
675,Selena Gomez,Wolves,Wolves
676,Alec Benjamin,The Book of You & I,Oh My God
677,The Beatles,Beatles For Sale,Eight Days A Week - Remastered 2009
678,half•alive,3,The Fall
679,Post Malone,Stoney,Congratulations
680,Lauv,~how i'm feeling~,Mean It
681,Kesha,Cannibal (Expanded Edition),We R Who We R
682,MØ,Forever Neverland,Beautiful Wreck
683,Ben E. King,Don't Play That Song,Stand by Me
684,KYLE,Smyle,Don't Wanna Fall In Love
685,Maroon 5,Songs About Jane: 10th Anniversary Edition,Sunday Morning
686,Yung Gravy,Snow Cougar,Mr. Clean
687,Kim Petras,All the Time,All the Time
688,Hermitude,Dark Night Sweet Light,"The Buzz (feat. Big K.R.I.T., Mataya & Young Tapz) - Bonus Track"
689,Quinn XCII,Bloom,New Wave
690,Dua Lipa,Swan Song,"Swan Song - From the Motion Picture ""Alita: Battle Angel"""
691,Lady Gaga,A Star Is Born Soundtrack,Heal Me
692,Eagles,The Very Best of the Eagles,Tequila Sunrise - 2013 Remaster
693,The Strumbellas,Hope,We Don't Know
694,Marc E. Bassy,Groovy People,Dirty Water
695,Tame Impala,The Slow Rush,Lost In Yesterday
696,BENEE,FIRE ON MARZZ,Afterlife
697,Wrabel,11 Blocks,11 Blocks
698,Yung Gravy,Welcome to Chilis,Welcome to Chilis
699,Alexander 23,I'm Sorry I Love You,The Internet
700,EBEN,Past Hundred Days,That's Alright
701,ZAYN,Dusk Till Dawn,Dusk Till Dawn - Radio Edit
702,Jack Johnson,In Between Dreams,Do You Remember
703,Alanis Morissette,Jagged Little Pill,You Oughta Know - 2015 Remaster
704,Louis The Child,Here For Now,Nobody Like You (with Vera Blue)
705,Glass Animals,How To Be A Human Being,The Other Side Of Paradise
706,Anna Sofia,Self Aware Bitch,Self Aware Bitch
707,Soundtrack Wonder Band,Modern Folk Music from the Movies,"Awake My Soul (From ""Bella Vita"")"
708,Maroon 5,Nobody's Love,Nobody's Love
709,Eagles,The Very Best of the Eagles,Take It Easy - 2013 Remaster
710,Tame Impala,Currents,"New Person, Same Old Mistakes"
711,Glass Animals,Dreamland,Dreamland
712,Imagine Dragons,Smoke + Mirrors,Polaroid
713,Billie Eilish,"WHEN WE ALL FALL ASLEEP, WHERE DO WE GO?",8
714,Alec Benjamin,Narrated For You,Water Fountain
715,Cannon,Water Glass,Water Glass
716,Jon Bellion,The Human Condition,80's Films
717,Louis The Child,Shake Something (feat. Joey Purp),Shake Something (feat. Joey Purp)
718,Łaszewo,Fuck Your Sunshine,Fuck Your Sunshine
719,Hayley Kiyoko,Expectations,What I Need (feat. Kehlani)
720,Kacey Musgraves,Golden Hour,Velvet Elvis
721,Axwell /\ Ingrosso,More Than You Know,More Than You Know
722,Kendrick Lamar,DAMN.,LOVE. FEAT. ZACARI.
723,Billie Eilish,dont smile at me,COPYCAT
724,The Chainsmokers,World War Joy...Takeaway,Takeaway (feat. Lennon Stella)
725,Ed Sheeran,No.6 Collaborations Project,Beautiful People (feat. Khalid)
726,Billie Eilish,dont smile at me,idontwannabeyouanymore
727,Loud Luxury,I'm Not Alright,I'm Not Alright
728,Eagles,One of These Nights,One of These Nights - 2013 Remaster
729,Portugal. The Man,Woodstock,Live in the Moment
730,Lil Baby,Harder Than Ever,Yes Indeed
731,Billie Eilish,"WHEN WE ALL FALL ASLEEP, WHERE DO WE GO?",when the party's over
732,Rita Ora,Phoenix,"Girls (feat. Cardi B, Bebe Rexha & Charli XCX)"
733,Sia,"LABRINTH, SIA & DIPLO PRESENT... LSD","Genius (feat. Sia, Diplo, and Labrinth)"
734,The Black Keys,El Camino,Gold on the Ceiling
735,Cuco,Chiquito,Dontmakemefallinlove
736,dwilly,CRAYOLA,crayola
737,Hailee Steinfeld,Afterlife (Dickinson),Afterlife
738,Lady Gaga,A Star Is Born Soundtrack,Always Remember Us This Way
739,Son Lux,Lanterns,Lost It To Trying
740,KYLE,Light of Mine,Playinwitme (feat. Kehlani)
741,Grouplove,Spreading Rumours,Ways to Go
742,Zara Larsson,So Good,Never Forget You
743,Coldplay,A Rush of Blood to the Head,Clocks
744,Migos,Culture,Slippery (feat. Gucci Mane)
745,The Beatles,Let It Be,Let It Be - Remastered 2009
746,Post Malone,Hollywood's Bleeding,Wow.
747,John Mayer,Room For Squares,Neon
748,24kGoldn,VALENTINO,VALENTINO
749,benny blanco,Eastside (with Halsey & Khalid),Eastside (with Halsey & Khalid)
750,Hanni El Khatib,FLIGHT,ALIVE
751,Bon Iver,"For Emma, Forever Ago",Skinny Love
752,Jackson Penn,Sick in the Head,Sick in the Head
753,FRENSHIP,Truce - EP,Capsize
754,Flume,Skin Companion EP II,Depth Charge
755,David Guetta,7,Flames
756,Fatboy Slim,You've Come A Long Way Baby,Praise You
757,Elton John,Diamonds,Don't Go Breaking My Heart - Remastered
758,Bad Suns,Disappear Here,Daft Pretty Boys
759,Quinn XCII,Change of Scenery,Another Day in Paradise
760,Bryce Vine,Carnival,La La Land (feat. YG)
761,Dua Lipa,New Love,New Love
762,Y2K,"Go Dumb (feat. blackbear, The Kid LAROI and Bankrol Hayden)","Go Dumb (feat. blackbear, The Kid LAROI and Bankrol Hayden)"
763,Florence + The Machine,Lungs,You've Got The Love
764,Imagine Dragons,Night Visions,It's Time
765,Post Malone,beerbongs & bentleys,Sugar Wraith
766,Labrinth,Imagination & the Misfit Kid,Mount Everest
767,Glass Animals,How To Be A Human Being,Life Itself
768,Charli XCX,Pop 2,Unlock It (feat. Kim Petras and Jay Park)
769,Andrew Belle,Dive Deep,When the End Comes
770,Post Malone,beerbongs & bentleys,Same Bitches (feat. G-Eazy & YG)
771,Emily Warren,Quiet Your Mind,Paranoid
772,OneRepublic,Wanted,Wanted
773,Mumford & Sons,Sigh No More,Little Lion Man
774,BENEE,STELLA & STEVE,Supalonely
775,Noah Cyrus,July,July
776,Sam Smith,Dancing With A Stranger (with Normani),Dancing With A Stranger (with Normani)
777,Peach Tree Rascals,Things Won't Go My Way,Things Won't Go My Way
778,Alec Benjamin,Must Have Been The Wind,Must Have Been The Wind
779,Jon Bellion,Glory Sound Prep,Mah's Joint (feat. Quincy Jones)
780,The Beatles,Past Masters,I Want To Hold Your Hand - Remastered 2009
781,Ingrid Michaelson,Girls and Boys,The Way I Am
782,Hozier,Hozier (Expanded Edition),From Eden
783,Paul McCartney,Ram,Uncle Albert / Admiral Halsey - Medley / Remastered 2012
784,Michael Franti & Spearhead,The Sound Of Sunshine,The Sound Of Sunshine
785,Harry Styles,Fine Line,"Sunflower, Vol. 6"
786,Billie Eilish,dont smile at me,&burn (with Vince Staples)
787,Jack Garratt,Phase,Surprise Yourself
788,Shallou,Older,Older
789,The Head and the Heart,Signs of Light,All We Ever Knew
790,Rae Sremmurd,SremmLife,This Could Be Us
791,Broken Bells,Broken Bells,The High Road
792,Arcade Fire,Funeral,Wake Up
793,Whethan,"Life of a Wallflower, Vol. 1",Wallflower
794,The Avett Brothers,I And Love And You,Head Full Of Doubt/Road Full Of Promise
795,Quinn XCII,The Story of Us,Straightjacket
796,Vindata,Favor,Favor
797,Chance the Rapper,Coloring Book,All We Got (feat. Kanye West & Chicago Children's Choir)
798,Bazzi,Soul Searching,Who Am I?
799,Migos,Culture II,Walk It Talk It
800,Bryce Vine,Carnival,Drew Barrymore
801,Coldplay,Viva La Vida or Death and All His Friends,Viva La Vida
802,Natasha Bedingfield,Unwritten,Unwritten
803,Matthew Hall,The Polar Express (Original Motion Picture Soundtrack),When Christmas Comes to Town
804,Meek Mill,Championships,Going Bad (feat. Drake)
805,Martin Garrix,Scared to Be Lonely,Scared to Be Lonely
806,Ritt Momney,Her and All of My Friends,Paper News
807,Bryce Vine,Lazy Fair,Where The Wild Things Are
808,The Kooks,The Best Of... So Far,Bad Habit
809,Alec Benjamin,Narrated For You,Let Me Down Slowly
810,Sam.Sts,Applesauce,Applesauce
811,Cold War Kids,New Age Norms 1,Dirt in my Eyes
812,Justin Bieber,Journals,Confident
813,Jason Mraz,We Sing. We Dance. We Steal Things.,I'm Yours
814,Kygo,Cloud Nine,Nothing Left (feat. Will Heard)
815,NGHTMRE,GUD VIBRATIONS,GUD VIBRATIONS
816,Big Gigantic,Free Your Mind,Friends
817,Death Cab for Cutie,Plans,Soul Meets Body
818,MKTO,MKTO,Classic
819,Shakey Graves,And The War Came,Dearly Departed (feat. Esmé Patterson)
820,XXXTENTACION,?,Moonlight
821,Third Eye Blind,Blue,Never Let You Go - 2008 Remaster
822,Daniel Caesar,Freudian,Best Part (feat. H.E.R.)
823,Phoenix,Wolfgang Amadeus Phoenix,1901
824,Fitz and The Tantrums,Fitz and The Tantrums,HandClap
825,Post Malone,Stoney,Go Flex
826,Sufjan Stevens,Carrie & Lowell,Should Have Known Better
827,Paris Blohm,Let Me Go,Let Me Go
828,Khalid,Suncity,Motion
829,Mumford & Sons,Sigh No More,White Blank Page
830,The Cardigans,First Band On The Moon,Lovefool
831,Don McLean,American Pie,American Pie
832,Kungs,Layers,This Girl (Kungs Vs. Cookin' On 3 Burners)
833,Billie Eilish,my future,my future
834,Tiësto,Harder (feat. Talay Riley),Harder (feat. Talay Riley)
835,Gryffin,Winnebago (feat. Quinn XCII & Daniel Wilson),Winnebago (feat. Quinn XCII & Daniel Wilson)
836,Kendrick Lamar,Black Panther The Album Music From And Inspired By,All The Stars (with SZA)
837,Mumford & Sons,Babel,Lover of the Light
838,Ruslan,Via Text,Friends
839,Alec Benjamin,Narrated For You,1994
840,Troye Sivan,Blue Neighbourhood,FOOLS
841,Alec Benjamin,These Two Windows,Jesus In LA
842,Ritt Momney,Put Your Records On,Put Your Records On
843,Soleima,Bulldog,Friend
844,Cold War Kids,LA DIVINE,So Tied Up
845,Bridgit Mendler,Atlantis (Tunji Ige Remix),Atlantis (Tunji Ige Remix)
846,half•alive,"Now, Not Yet",ice cold. (with Kimbra)
847,AJR,The Click,Drama
848,Still Woozy,Lucy,Lucy
849,Evaride,Warrior,Warrior
850,Jai Wolf,Like It's Over (feat. MNDR),Like It's Over (feat. MNDR)
851,Lil Mosey,Blueberry Faygo,Blueberry Faygo
852,Bryce Vine,Baby Girl,Baby Girl
853,Phoenix,Wolfgang Amadeus Phoenix,Lisztomania
854,Vampire Weekend,Modern Vampires of the City,Unbelievers
855,BØRNS,Dopamine,American Money
856,3OH!3,WANT,DONTTRUSTME
857,DOUBLECAMP,Dreamers,Dreamers
858,Dirty Heads,Sound Of Change,My Sweet Summer
859,XXXTENTACION,SKINS,whoa (mind in awe)
860,Louis The Child,Kids At Play- EP,Breaking News (with RAYE)
861,Hippo Campus,South - Single,South
862,The Head and the Heart,The Head and the Heart,Down in the Valley
863,Bad Suns,Language & Perspective,Cardiac Arrest
864,KDrew,Body of Gold,Body of Gold
865,SYML,SYML,WDWGILY
866,AJR,Neotheater,"Wow, I'm Not Crazy"
867,Imagine Dragons,Origins,West Coast
868,6LACK,Seasons (with Khalid),Seasons (with Khalid)
869,5 Seconds of Summer,Youngblood,Want You Back
870,Hozier,Hozier (Expanded Edition),Someone New
871,Eagles,Their Greatest Hits 1971-1975,Already Gone - 2013 Remaster
872,John Mayer,The Search for Everything,Love on the Weekend
873,Kim Petras,Hillside Boys,Hillside Boys
874,Elton John,Elton John,Your Song
875,Khalid,Free Spirit,Outta My Head (with John Mayer)
876,WESLEE,Bathwater,Bathwater
877,Doja Cat,Hot Pink,Cyber Sex
878,Quinn XCII,The Story of Us,Don't You
879,Dennis Lloyd,Never Go Back,Never Go Back
880,M83,"Hurry Up, We're Dreaming",Midnight City
881,The Killers,Day & Age,Human
882,Lil Mosey,Certified Hitmaker,Blueberry Faygo
883,Peach Tree Rascals,Violet,Violet
884,The Chainsmokers,World War Joy,Who Do You Love
885,Childish Gambino,Because the Internet,3005
886,Frank Ocean,Blonde,Ivy
887,DNCE,People To People,Still Good
888,The Beatles,The Beatles,"Ob-La-Di, Ob-La-Da - Remastered 2009"
889,Birdtalker,One,Looking for Love (Acoustic)
890,M83,"Hurry Up, We're Dreaming",Wait
891,The Beatles,Abbey Road,Something - Remastered 2009
892,Post Malone,Hollywood's Bleeding,On The Road (feat. Meek Mill & Lil Baby)
893,Matthew Mole,The Home We Built,"Take Yours, I'll Take Mine"
894,Troye Sivan,Bloom,Bloom
895,Sufjan Stevens,Call Me by Your Name (Original Motion Picture Soundtrack),Mystery of Love
896,FKJ,Go Back Home,Go Back Home
897,Van Morrison,The Essential Van Morrison,Wild Night
898,Troye Sivan,Blue Neighbourhood,YOUTH
899,Louis The Child,Here For Now,Bittersweet
900,Happyman,Hot Crowd,Sunjack
901,Labrinth,Don't Fence Me In,Don't Fence Me In
902,Bruno Mars,24K Magic,Finesse
903,Billie Eilish,Ocean Eyes,Ocean Eyes - Astronomyy Remix
904,"Tyler, The Creator",IGOR,I THINK
905,Dzeko,California (feat. Brynn Elliott),California (feat. Brynn Elliott)
906,Tow'rs,New Nostalgia,Melancholy Blues
907,Lostboycrow,Strawberry Sunscreen,Strawberry Sunscreen
908,Quinn XCII,A Letter To My Younger Self,Am I High Rn (feat. blackbear)
909,Drake,Scorpion,In My Feelings
910,Lil Nas X,7 EP,Old Town Road - Remix
911,THE SCOTTS,THE SCOTTS,THE SCOTTS
912,Alicia Keys,The Diary Of Alicia Keys,If I Ain't Got You
913,American Authors,What We Live For,I'm Born To Run
914,Labrinth,Euphoria (Original Score from the HBO Series),Still Don't Know My Name
915,Robert DeLong,Favorite Color Is Blue,Favorite Color Is Blue
916,Lady Gaga,A Star Is Born Soundtrack,I'll Never Love Again - Film Version
917,Those Dancing Days,Daydreams & Nightmares,I'll Be Yours
918,Post Malone,beerbongs & bentleys,Psycho (feat. Ty Dolla $ign)
919,Ben Rector,Brand New,Brand New
920,Starley,EPIC LIT,Call on Me - Ryan Riback Remix
921,Vampire Weekend,Vampire Weekend,A-Punk
922,Steve Aoki,Maldad,Maldad - R3HAB Remix
923,Lorde,Pure Heroine,Ribs
924,The Revivalists,Men Amongst Mountains,Gold To Glass
925,Fleet Foxes,Fleet Foxes,White Winter Hymnal
926,Milky Chance,Sadnecessary,Stolen Dance
927,Train,a girl a bottle a boat,Drink Up
928,Neon Trees,Habits,Animal
929,Lady Gaga,A Star Is Born Soundtrack,Look What I Found
930,Labrinth,Imagination & the Misfit Kid,Like A Movie
931,Labrinth,Imagination & the Misfit Kid,Dotted line / Juju Man
932,Labrinth,Euphoria (Original Score from the HBO Series),When I R.I.P.
933,Death Cab for Cutie,Plans,Someday You Will Be Loved
934,Justin Bieber,Intentions,Intentions
935,Bishop Briggs,Church Of Scars,River
936,Black Eyed Peas,Elephunk,Where Is The Love?
937,Lady Gaga,A Star Is Born Soundtrack,Music To My Eyes
938,Kygo,Remind Me to Forget,Remind Me to Forget
939,Alan Walker,Different World,Darkside
940,Lord Huron,Strange Trails,The Night We Met
941,Alessia Cara,Know-It-All,Wild Things
942,Elijah Midjord,Good Ol' Days,Good Ol' Days
943,Big Wild,Show Me,Show Me
944,Ski Mask The Slump God,STOKELEY,Foot Fungus
945,Whethan,"Life of a Wallflower, Vol. 1",Superlove (feat. Oh Wonder)
946,AJR,The Click,Come Hang Out
947,alt-J,An Awesome Wave,Ms
948,Florence + The Machine,"How Big, How Blue, How Beautiful",Ship To Wreck
949,Biz Markie,Biz's Baddest Beats: The Best Of Biz Markie,Just a Friend
950,Jason Mraz,We Sing. We Dance. We Steal Things.,Lucky
951,Petit Biscuit,We Were Young,We Were Young (DROELOE Remix)
952,Tow'rs,Tow'rs,Vanilla Pines
953,Culture Club,At Worst...The Best Of Boy George And Culture Club,Karma Chameleon
954,Chord Overstreet,Hold On,Hold On - Remix
955,Tow'rs,Grey Fidelity,Consolations
956,John K,if we never met,if we never met
957,Rihanna,Talk That Talk,We Found Love
958,Capital Cities,In A Tidal Wave Of Mystery,Safe And Sound
959,John Mayer,Continuum,The Heart of Life
960,blackbear,hot girl bummer,hot girl bummer
961,Bruno Mars,Doo-Wops & Hooligans,Just the Way You Are
962,Troye Sivan,Blue Neighbourhood,for him.
963,LOONY,JOYRiDE,iN CODE
964,Chance the Rapper,The Big Day,Hot Shower
965,Zedd,The Middle,The Middle
966,Louis The Child,It's Strange,It's Strange
967,Daya,Safe,Safe
968,Bastille,Quarter Past Midnight,Quarter Past Midnight
969,Quinn XCII,A Letter To My Younger Self,Sleep While I Drive (feat. Ashe)
970,Taylor Swift,1989,Blank Space
971,Paramore,Paramore,Still into You
972,MELVV,Anything Else,Anything Else
973,Rex Orange County,Apricot Princess,Apricot Princess
974,Hot Chelle Rae,Whatever,Tonight Tonight
975,Big Wild,Invincible EP,When I Get There
976,Chris Isaak,Best of Chris Isaak (Remastered),Wicked Game
977,Flume,Rushing Back,Rushing Back - Instrumental
978,Quinn XCII,Stacy,Stacy
979,Dean Lewis,A Place We Knew,Half A Man
980,Said the Sky,Wide-Eyed,Over Getting Over You
981,Lady Gaga,A Star Is Born Soundtrack,Always Remember Us This Way
982,Mac Miller,Swimming,Ladders
983,Cobra Starship,Night Shades,You Make Me Feel... (feat. Sabi)
984,Noah Cyrus,Make Me (Cry),Make Me (Cry)
985,Fitz and The Tantrums,More Than Just a Dream,Fools Gold
986,Madison Beer,Hurts Like Hell (feat. Offset),Hurts Like Hell (feat. Offset)
987,Mura Masa,Complicated,Complicated
988,Griffin Stoller,With You,With You
989,BROCKHAMPTON,SATURATION III,BLEACH
990,The Oh Hellos,The Oh Hellos EP,Cold Is The Night
991,Lord Huron,Strange Trails,Meet Me in the Woods
992,U2,All That You Can't Leave Behind,Beautiful Day
993,Violent Femmes,Violent Femmes,Blister In The Sun
994,The Lumineers,Storks (Original Motion Picture Soundtrack),Holdin' Out
995,Owl City,Ocean Eyes,Fireflies
996,Queen,The Platinum Collection,Somebody To Love - 2011 Mix
997,Labrinth,All For Us,All For Us - from the HBO Original Series Euphoria
998,Metronomy,Metronomy Forever,Salted Caramel Ice Cream
999,Tame Impala,Currents,'Cause I'm A Man
1000,Louis The Child,Love Is Alive EP,Phone Died (feat. blaise railey)
1001,Death Cab for Cutie,Plans,I Will Follow You into the Dark
1002,Jeremy Zucker,better off,better off - filous remix
1003,Justin Hurwitz,La La Land,Mia & Sebastian’s Theme
1004,Alec Benjamin,These Two Windows,The Book of You & I
1005,OutKast,Speakerboxxx/The Love Below,Hey Ya! - Radio Mix
1006,WALK THE MOON,What If Nothing,Kamikaze
1007,Hippo Campus,Landmark,Vines
1008,half•alive,still feel.,still feel.
1009,BANKS,The Altar,Gemini Feed
1010,Bien,Confetti,Confetti
1011,Grant,Starship,Starship
1012,Maroon 5,Songs About Jane: 10th Anniversary Edition,She Will Be Loved - Radio Mix
1013,Bryce Vine,Problems (feat. Grady),Problems (feat. Grady)
1014,Five For Fighting,Playlist: The Very Best Of Five For Fighting,100 Years
1015,Sia,Together,Together
1016,Bebe Rexha,All Your Fault: Pt. 2,Meant to Be (feat. Florida Georgia Line)
1017,XXXTENTACION,17,Jocelyn Flores
1018,Mumford & Sons,Sigh No More,The Cave
1019,Flo Rida,Wild Ones,I Cry
1020,Cage The Elephant,Social Cues,Ready To Let Go
1021,Rex Orange County,Uno,Uno
1022,Matoma,One in a Million,Sunday Morning (feat. Josie Dunne)
1023,Rudimental,Toast to Our Differences,"These Days (feat. Jess Glynne, Macklemore & Dan Caplen)"
1024,King Harvest,Dancing in the Moonlight,Dancing in the Moonlight
1025,Hayley Kiyoko,Expectations,Let It Be
1026,Natasha Bedingfield,Pocketful Of Sunshine,Pocketful of Sunshine
1027,Pink Sweat$,Honesty,Honesty
1028,Vampire Weekend,Vampire Weekend,Oxford Comma
1029,Billie Eilish,Six Feet Under,Six Feet Under
1030,Post Malone,beerbongs & bentleys,Paranoid
1031,Lostboycrow,Santa Fe,Orange Juice
1032,Dua Lipa,Future Nostalgia,Break My Heart
1033,The Beatles,The Beatles,I Will - Remastered 2009
1034,Still Woozy,Lately EP,Lava
1035,THE DRIVER ERA,Preacher Man,Preacher Man
1036,Miguel,Rogue Waves,waves - Tame Impala Remix
1037,Lauv,Drugs & The Internet,Drugs & The Internet
1038,Hayden James,Just Friends,Just Friends
1039,Rex Orange County,Pony,Stressed Out
1040,George Ezra,Wanted on Voyage,Budapest
1041,Billie Eilish,"WHEN WE ALL FALL ASLEEP, WHERE DO WE GO?",ilomilo
1042,Milky Chance,Mind The Moon,Right From Here
1043,Kendrick Lamar,DAMN.,HUMBLE.
1044,Hippie Sabotage,Providence,Devil Eyes
1045,NOTD,I Wanna Know (feat. Bea Miller),I Wanna Know (feat. Bea Miller)
1046,Post Malone,Hollywood's Bleeding,Circles
1047,Lady Gaga,Stupid Love,Stupid Love
1048,Diplo,Stay Open,Stay Open
1049,070 Shake,Modus Vivendi,Under The Moon
1050,Rihanna,Good Girl Gone Bad: Reloaded,Disturbia
1051,The Beatles,Magical Mystery Tour,"Hello, Goodbye - Remastered 2009"
1052,Elton John,Caribou,Don't Let The Sun Go Down On Me
1053,Imagine Dragons,Origins,Natural
1054,Yung Gravy,Yung Gravity - EP,Forget Me Thots
1055,AJR,Bang!,Bang!
1056,Of Monsters and Men,My Head Is An Animal,Mountain Sound
1057,Judah & the Lion,Going To Mars (!),Going To Mars (!)
1058,Doja Cat,Amala,Go To Town
1059,Marc E. Bassy,Gossip Columns,You & Me
1060,Jack Harlow,"WHATS POPPIN (feat. DaBaby, Tory Lanez & Lil Wayne)","WHATS POPPIN (feat. DaBaby, Tory Lanez & Lil Wayne) - Remix"
1061,Blue October,Foiled,Into The Ocean
1062,Jack Johnson,Jack Johnson And Friends: Sing-A-Longs And Lullabies For The Film Curious George,Talk Of The Town
1063,Lake Street Dive,Fun Machine EP,Rich Girl
1064,Troye Sivan,Bloom,The Good Side
1065,Tyla Yaweh,High Right Now (feat. Wiz Khalifa),High Right Now (feat. Wiz Khalifa) - Remix
1066,"Tyler, The Creator",Flower Boy,Boredom (feat. Rex Orange County & Anna of the North)
1067,Franz Ferdinand,Franz Ferdinand,Take Me Out
1068,Labrinth,Euphoria (Original Score from the HBO Series),Formula
1069,Jon Bellion,The Human Condition,All Time Low
1070,99 Neighbors,Fuck No (feat. Brasstracks & PhiloSofie),Fuck No (feat. Brasstracks & PhiloSofie)
1071,Zara Larsson,So Good,Lush Life
1072,Martin Garrix,In the Name of Love,In the Name of Love
1073,Kacey Musgraves,Golden Hour,Butterflies
1074,Galantis,Pharmacy,Peanut Butter Jelly
1075,Still Woozy,Window,Window
1076,Billie Eilish,"WHEN WE ALL FALL ASLEEP, WHERE DO WE GO?",you should see me in a crown
1077,fun.,Some Nights,Some Nights
1078,Bob Moses,Days Gone By,Tearing Me Up
1079,Sugar Ray,Surf's Up Music From The Motion Picture,Into Yesterday
1080,Elton John,Diamonds,Bennie And The Jets - Remastered
1081,Milky Chance,Mind The Moon,The Game
1082,Red Hot Chili Peppers,Stadium Arcadium,Snow (Hey Oh)
1083,Lemaitre,Chapter One,Playing To Lose
1084,Kacey Musgraves,Golden Hour,Happy & Sad
1085,Noname,Telefone,"Shadow Man (feat. Phoelix, Smino & Saba)"
1086,Travis Scott,Rodeo (Expanded Edition),Antidote
1087,Ava Max,Sweet but Psycho,Sweet but Psycho
1088,Lady Gaga,A Star Is Born Soundtrack,Why Did You Do That?
1089,Kanye West,The Life Of Pablo,Waves
1090,Milky Chance,Blossom,Alive
1091,Quinn XCII,The Story of Us,Candle
1092,Huron John,Friendzone,Friendzone
1093,BENEE,FIRE ON MARZZ,Glitter
1094,Beach House,Bloom,Lazuli
1095,Doja Cat,Hot Pink,Say So
1096,Labrinth,Euphoria (Original Score from the HBO Series),Nate Growing Up
1097,Drax Project,Drax Project,Woke Up Late (feat. Hailee Steinfeld)
1098,Rex Orange County,Pony,It Gets Better
1099,John Mayer,Battle Studies,Heartbreak Warfare
1100,The Head and the Heart,Living Mirage,Missed Connection
1101,Calvin Harris,Funk Wav Bounces Vol.1,"Feels (feat. Pharrell Williams, Katy Perry & Big Sean)"
1102,Kid Quill,The Name Above the Title,Daily Routine
1103,The Weeknd,Black Panther The Album Music From And Inspired By,Pray For Me (with Kendrick Lamar)
1104,"Tyler, The Creator",IGOR,EARFQUAKE
1105,88rising,Head In The Clouds,Midsummer Madness
1106,Louis The Child,Love Is Alive,Slow Down Love
1107,Reaper,heady,HEADY
1108,AJR,The Click,Weak
1109,Robinson,Medicine,Medicine
1110,Blu DeTiger,Figure It Out,Figure It Out
1111,Carlie Hanson,Only One,Only One
1112,Brenton Wood,"Love, Simon (Original Motion Picture Soundtrack)",The Oogum Boogum Song
1113,Dua Lipa,Don't Start Now,Don't Start Now
1114,Electric Guest,Dollar,Dollar - 20syl Remix
1115,Miley Cyrus,Malibu (The Remixes),Malibu - Tiësto Remix
1116,Fountains Of Wayne,Welcome Interstate Managers,Stacy's Mom
1117,Baio,The Names,Sister of Pearl
1118,Louis The Child,Love Is Alive,Go
1119,Chance the Rapper,My Own Thing,My Own Thing
1120,BANKS,III,Gimme
1121,RL Grime,NOVA,Light Me Up
1122,Quinn XCII,The Story of Us,What The Hell Happened To Us
1123,The Lumineers,C-Sides,Scotland
1124,Ariana Grande,Sweetener,better off
1125,Kid Cudi,Man On The Moon: The End Of Day,Pursuit Of Happiness (Nightmare)
1126,Coldplay,A Head Full of Dreams,Everglow
1127,Lennon Stella,Three. Two. One.,Goodnight
1128,Billy Joel,The Essential Billy Joel,My Life
1129,Whethan,When I'm Down,When I'm Down
1130,Eagles,Hell Freezes Over,"New York Minute - Live On MTV, 1994"
1131,Billie Eilish,bitches broken hearts,bitches broken hearts
1132,The Beatles,Rubber Soul,Michelle - Remastered 2009
1133,Michael Giacchino,Up,Married Life
1134,Eddie Vedder,Into The Wild,Guaranteed
1135,Blues Traveler,Four,Run-Around
1136,Outerskies,In the Moment,In the Moment
1137,The Lumineers,Cleopatra,Sleep On The Floor
1138,DVBBS,Pyramids (feat. Sanjin),Pyramids (feat. Sanjin) - Radio Mix
1139,Post Malone,beerbongs & bentleys,Better Now
1140,Alexander 23,I'm Sorry I Love You,20 Something
1141,Louis The Child,Kids At Play - EP,The City (feat. Quinn XCII) - Party Pupils Remix
1142,Jon Bellion,The Human Condition,Overwhelming
1143,Khalid,American Teen,Another Sad Love Song
1144,Pitbull,Pitbull Starring In Rebelution,Hotel Room Service
1145,Ingrid Michaelson,Be OK,You and I
1146,Jonas Brothers,What A Man Gotta Do,What A Man Gotta Do
1147,Unk,Beat'n Down Yo Block,2 Step
1148,Lady Gaga,Joanne,Million Reasons
1149,Lorde,Melodrama,Sober
1150,Elton John,Caribou,The Bitch Is Back
1151,Brandi Carlile,The Story & Cover Stories,The Story
1152,The Chainsmokers,Sick Boy,Hope
1153,Miike Snow,Miike Snow,Animal
1154,Anna Shoemaker,If You're Going (I'll Go),If You're Going (I'll Go)
1155,Mac Miller,GO:OD AM,Weekend (feat. Miguel)
1156,John Legend,La La Land,Start A Fire
1157,Paul McCartney,Wingspan,Maybe I'm Amazed
1158,GRACEY,Empty Love (ft. Ruel),Empty Love (ft. Ruel)
1159,Of Monsters and Men,My Head Is An Animal,Dirty Paws
1160,Surfaces,Horizons,Take It Easy
1161,Pink Floyd,Wish You Were Here,Wish You Were Here
1162,Still Woozy,Lately EP,Foolsong
1163,Whethan,"Life of a Wallflower, Vol. 1",Be Like You (feat. Broods)
1164,AJR,The Click,Sober Up
1165,Eddie Vedder,Into The Wild,Society
1166,Foster The People,Pick U Up,Style
1167,Rex Orange County,Best Friend,Best Friend
1168,COIN,How Will You Know If You Never Try,Talk Too Much
1169,Passion Pit,Manners,Sleepyhead
1170,Rex Orange County,Pony,Never Had The Balls
1171,MØ,When I Was Young - EP,When I Was Young
1172,Of Monsters and Men,My Head Is An Animal,Your Bones
1173,Bazzi,Soul Searching,Conversations with Myself
1174,Pink Floyd,Wish You Were Here,Shine On You Crazy Diamond (Pts. 1-5)
1175,Coleman Hell,Coleman Hell - EP,2 Heads
1176,Coldplay,A Rush of Blood to the Head,The Scientist
1177,Coldplay,X&Y,Speed of Sound
1178,Jon Bellion,The Separation,Eyes To The Sky
1179,Leach,Roman Candles,Little Taste of Heaven
1180,Aquilo,ii,Now & Here
1181,Bazzi,Soul Searching,Soul Searching
1182,Calvin Harris,Funk Wav Bounces Vol.1,Rollin (feat. Future & Khalid)
1183,Macklemore,GEMINI,Glorious (feat. Skylar Grey)
1184,Glass Animals,Dreamland,Space Ghost Coast To Coast
1185,Hailee Steinfeld,Most Girls,Most Girls
1186,Khalid,American Teen,Saved
1187,Migos,Culture II,Stir Fry
1188,Frank Ocean,Blonde,Godspeed
1189,WATTS,Feels,Feels
1190,Rex Orange County,Pony,Face to Face
1191,Depeche Mode,Enjoy the Silence,Enjoy the Silence - Single Mix
1192,Twenty One Pilots,Trench,Chlorine
1193,BØRNS,Dopamine,"10,000 Emerald Pools"
1194,Martin Garrix,Ocean (feat. Khalid),Ocean (feat. Khalid)
1195,MKTO,How Can I Forget,How Can I Forget
1196,Lennon Stella,"Love, me",Bad
1197,MØ,Forever Neverland,Blur
1198,Harris Cole,Game over!,Game over!
1199,Eagles,The Very Best of the Eagles,I Can't Tell You Why - 2013 Remaster
1200,Taylor Swift,Lover,ME! (feat. Brendon Urie of Panic! At The Disco)
1201,T.I.,Paper Trail,Live Your Life
1202,Two Door Cinema Club,Changing of the Seasons,Changing of the Seasons
1203,Vampire Weekend,Father of the Bride,Sunflower (feat. Steve Lacy)
1204,Lights,Skin&Earth,Giants
1205,Drake,Scorpion,Nonstop
1206,Quinn XCII,Two 10s,Two 10s
1207,Elton John,Honky Chateau,"Rocket Man (I Think It's Going To Be A Long, Long Time)"
1208,America,America's Greatest Hits - History,Sister Golden Hair
1209,The Verve,Urban Hymns,Bitter Sweet Symphony
1210,Life of Dillon,MIA,MIA
1211,Elton John,Goodbye Yellow Brick Road,Candle In The Wind - Remastered 2014
1212,Mumford & Sons,Wilder Mind,Tompkins Square Park
1213,Labrinth,Imagination & the Misfit Kid,Juju Woman
1214,Two Door Cinema Club,False Alarm,Talk - Single Edit
1215,Jeremy Zucker,Breathe,You Should Get to Know Me (feat. Quinn XCII)
1216,Zara Larsson,So Good,Ain't My Fault
1217,Khalid,American Teen,Location
1218,The Lumineers,The Lumineers,Big Parade
1219,JP Saxe,If the World Was Ending,If the World Was Ending - feat. Julia Michaels
1220,Alexander 23,I'm Sorry I Love You,Girl
1221,The Lumineers,Cleopatra,Angela
1222,Ookay,Thief,Thief
1223,Young the Giant,Home of the Strange,Something to Believe In
1224,Souly Had,B.L.I.S.S.,Crush
1225,Bazzi,Soul Searching,I.F.L.Y.
1226,"Tyler, The Creator",Flower Boy,See You Again (feat. Kali Uchis)
1227,Billie Eilish,"WHEN WE ALL FALL ASLEEP, WHERE DO WE GO?",listen before i go
1228,Ed Sheeran,The Hobbit: The Desolation of Smaug (Original Motion Picture Soundtrack),I See Fire
1229,Demi Lovato,Tell Me You Love Me,Tell Me You Love Me
1230,Dua Lipa,Future Nostalgia,Cool
1231,The Revivalists,Men Amongst Mountains,Wish I Knew You
1232,FINNEAS,Blood Harmony,I Don't Miss You at All
1233,America,America's Greatest Hits - History,Ventura Highway
1234,Milky Chance,Sadnecessary,Flashed Junk Mind
1235,KAMAUU,TheKAMAUU-CASSETTE: ŭRTH GōLD,LăVĭNDŭR
1236,Miko,Crushes,Crushes
1237,Bastille,Bad Blood,Oblivion
1238,Billie Eilish,No Time To Die,No Time To Die
1239,Troye Sivan,Bloom,Seventeen
1240,Hoodie Allen,Happy Camper,Champagne and Pools (feat. Blackbear & Kyle)
1241,Quinn XCII,The Story of Us,Walls
1242,Taylor Swift,reputation,I Did Something Bad
1243,Louis The Child,Last To Leave (feat. Caroline Ailin),Last To Leave (feat. Caroline Ailin)
1244,Rex Orange County,Sunflower,Sunflower
1245,Blevins,As I'm Fading Into You,As I'm Fading Into You
1246,Vance Joy,Nation of Two,I'm with You
1247,Doja Cat,Boss Bitch,Boss Bitch
1248,Diplo,Color Blind,Color Blind
1249,Red Hot Chili Peppers,Greatest Hits,Otherside
1250,Post Malone,beerbongs & bentleys,Zack And Codeine
1251,Kodaline,In A Perfect World,All Comes Down
1252,Peach Tree Rascals,Mango,Mango
1253,Cheat Codes,Only You,Only You
1254,Jason Mraz,Waiting for My Rocket to Come,The Remedy (I Won't Worry)
1255,Queen,The Platinum Collection,Under Pressure - Remastered 2011 / New Master
1256,Maroon 5,Overexposed,The Man Who Never Lied
1257,Theophilus London,Vibes,Can't Stop (feat. Kanye West)
1258,Coldplay,Parachutes,Sparks
1259,The xx,xx,Intro
1260,Taylor Swift,folklore,the 1
1261,M.I.A.,Kala,Paper Planes
1262,Charli XCX,Blame It on Your Love,Blame It on Your Love (feat. Lizzo)
1263,Miniature Tigers,Tell It to the Volcano,Like or Like Like
1264,The Kooks,Inside In / Inside Out,Naive
1265,Tre Breezy,The Motion,The Motion
1266,Ben Rector,Magic,I Will Always Be Yours
1267,Łaszewo,Up in Flames,Up in Flames
1268,Two Feet,Had Some Drinks,Had Some Drinks
1269,Shawn Mendes,Shawn Mendes,Lost In Japan
1270,DREAMERS,This Album Does Not Exist,Sweet Disaster
1271,Billie Eilish,WHEN I WAS OLDER,WHEN I WAS OLDER - Music Inspired By The Film ROMA
1272,Taylor Swift,folklore,peace
1273,alt-J,This Is All Yours,Left Hand Free
1274,ILLENIUM,Awake,Beautiful Creatures (feat. MAX)
1275,Louis The Child,OWSLA Worldwide Broadcast,From Here
1276,Coldplay,Orphans / Arabesque,Orphans
1277,Hippo Campus,Landmark,Simple Season
1278,Pentatonix,A Pentatonix Christmas Deluxe,Hallelujah
1279,Troye Sivan,Bloom,What A Heavenly Way To Die
1280,The Shins,"Oh, Inverted World",New Slang
1281,Ty Dolla $ign,Blasé (feat. Future & Rae Sremmurd),Blasé (feat. Future & Rae Sremmurd) - Louis the Child Remix
1282,Steve Aoki,Pretender (feat. Lil Yachty & AJR),Pretender (feat. Lil Yachty & AJR)
1283,Dr. Dog,B-Room,Nellie
1284,Quinn XCII,The Story of Us,60 Seconds
1285,Post Malone,Hollywood's Bleeding,I'm Gonna Be
1286,Dua Lipa,Dua Lipa,Last Dance
1287,ODIE,Analogue,Bliss City
1288,Louis The Child,Better Not,Better Not (feat. Wafia) - KRANE Remix
1289,ABBA,ABBA Gold,Lay All Your Love On Me
1290,Lostboycrow,Where It All Goes,Where It All Goes
1291,TheGifted,Restless,Restless
1292,Post Malone,beerbongs & bentleys,Rich & Sad
1293,Ariana Grande,Yours Truly,Tattooed Heart
1294,Young the Giant,Mirrorball / Mind Over Matter (Reprise),Mind Over Matter
1295,Wild Child,The Runaround,Crazy Bird
1296,Lil Dicky,Professional Rapper,Molly (feat. Brendon Urie of Panic at the Disco)
1297,Claire Rosinkranz,BeVerly Hills BoYfRiEnd,Backyard Boy
1298,Wings,Wings Greatest,Band On The Run - Remastered 1993
1299,Khalid,Eleven,Eleven
1300,Imagine Dragons,Origins,Bad Liar
1301,The Lumineers,Cleopatra,Cleopatra
1302,Ingrid Michaelson,Be OK,Keep Breathing
1303,Louis The Child,Here For Now,Big Love (with EARTHGANG)
1304,HERO,ROT IN PIECES,ROT IN PIECES
1305,Smash Mouth,Smash Mouth,I'm A Believer - Radio Edit
1306,ayokay,In the Shape of a Dream,Queen (feat. Quinn XCII)
1307,Khalid,Free Spirit,Better
1308,Kanye West,ye,All Mine
1309,RL Grime,NOVA,Take It Away
1310,Queen,Jazz,Don't Stop Me Now - 2011 Mix
1311,Mumford & Sons,Wilder Mind,Believe
1312,Rascal Flatts,Me And My Gang,Life is a Highway
1313,John Legend,Love In The Future (Expanded Edition),All of Me
1314,Adam Jensen,Marijuana Breath,Marijuana Breath
1315,Kid Cudi,Man On The Moon: The End Of Day,Up Up & Away
1316,The Weeknd,Starboy,Love To Lay
1317,Ruth B.,Safe Haven,Dandelions
1318,Ariana Grande,Sweetener,no tears left to cry
1319,Kim Petras,Heart to Break,Heart to Break
1320,Carlie Hanson,Toxins,Toxins
1321,Passion Pit,Church,I Found U
1322,Alec Benjamin,Narrated For You,Outrunning Karma
1323,John Mayer,Continuum,Stop This Train
1324,Bastille,All This Bad Blood,Poet
1325,Matt Maeson,Who Killed Matt Maeson,Tribulation
1326,Fergie,Music From Baz Luhrmann's Film The Great Gatsby,A Little Party Never Killed Nobody (All We Got)
1327,Imagine Dragons,Evolve,Thunder
1328,half•alive,"Now, Not Yet",Maybe
1329,Phony Ppl,Yesterday's Tomorrow,Why iii Love The Moon.
1330,Harry Styles,Fine Line,Adore You
1331,Selena Gomez,Rare,A Sweeter Place (feat. Kid Cudi)
1332,Big Wild,Superdream,Purple Sand (My Home)
1333,Milky Chance,Mind The Moon,Oh Mama
1334,Olivia Rodrigo,All I Want,"All I Want - From ""High School Musical: The Musical: The Series"""
1335,Empire of the Sun,Walking On A Dream,Walking On A Dream
1336,Billie Eilish,"WHEN WE ALL FALL ASLEEP, WHERE DO WE GO?",all the good girls go to hell
1337,GRiZ,Bangers[2].Zip,Griztronics
1338,Adele,19,Make You Feel My Love
1339,Simon & Garfunkel,Bridge Over Troubled Water,Cecilia
1340,Post Malone,Hollywood's Bleeding,Hollywood's Bleeding
1341,Khalid,"Love, Simon (Original Motion Picture Soundtrack)",Love Lies
1342,Coldplay,X&Y,Fix You
1343,Cage The Elephant,Melophobia,Come a Little Closer
1344,Ellie Goulding,Close To Me (feat. Swae Lee),Close To Me (with Diplo) (feat. Swae Lee)
1345,Eagles,Hotel California,The Last Resort - 2013 Remaster
1346,Labrinth,Imagination & the Misfit Kid,Sexy MF
1347,Jon Bellion,The Human Condition,Woke The F*ck Up
1348,Bruno Mars,Doo-Wops & Hooligans,Grenade
1349,Twenty One Pilots,Vessel,Holding on to You
1350,Kygo,Think About You,Think About You - Galantis Remix
1351,Sublime,Jah Won't Pay The Bills,Badfish
1352,Fleetwood Mac,Rumours,The Chain - 2004 Remaster
1353,Quinn XCII,From Michigan With Love,Right Where You Should Be (feat. Ashe & Louis Futon)
1354,Fitz and The Tantrums,Fitz and The Tantrums,Fool
1355,Two Door Cinema Club,Tourist History,Undercover Martyn
1356,Red Hearse,Red Hearse,Red Hearse
1357,Quinn XCII,Iron & Steel,Iron & Steel
1358,Florence + The Machine,Lungs,Dog Days Are Over
1359,Marc E. Bassy,PMD,Just My Luck
1360,Jon Bellion,Glory Sound Prep,The Internet
1361,Kodak Black,Dying to Live,ZEZE (feat. Travis Scott & Offset)
1362,Dominic Fike,"Don't Forget About Me, Demos",3 Nights
1363,Kanye West,My Beautiful Dark Twisted Fantasy,Runaway
1364,Lorde,Pure Heroine,A World Alone
1365,Sigala,Brighter Days,We Don't Care
1366,Sigrid,Sucker Punch,Sucker Punch
1367,OneRepublic,Native,Counting Stars
1368,Kacey Musgraves,Golden Hour,Slow Burn
1369,Andromedik,With Me,With Me
1370,Absofacto,Thousand Peaces,Dissolve
1371,The Lumineers,Pete's Dragon,Nobody Knows
1372,Jake Zimma,On Like 40,On Like 40
1373,Post Malone,beerbongs & bentleys,92 Explorer
1374,Tow'rs,New Nostalgia,Pink Confetti
1375,Snakehips,Don't Leave (Remixes),Don't Leave - Throttle Remix
1376,Lennon Stella,Kissing Other People,Kissing Other People
1377,Graham Riley,Rain,Rain
1378,Halsey,Without Me,Without Me
1379,Glass Animals,Your Love (Déjà Vu),Your Love (Déjà Vu)
1380,I'm From Barcelona,Forever Today,Always Spring
1381,Bazzi,COSMIC,Beautiful
1382,AJR,Neotheater,Don't Throw Out My Legos
1383,Eagles,Hotel California,Hotel California - 2013 Remaster
1384,Jon Bellion,Glory Sound Prep,Blu
1385,Louis The Child,Here For Now,We All Have Dreams (with K.Flay)
1386,Daryl Hall & John Oates,The Very Best of Daryl Hall / John Oates,You Make My Dreams (Come True) - Remastered
1387,half•alive,"Now, Not Yet",RUNAWAY
1388,Years & Years,Communion,Shine
1389,AJR,The Click,Burn The House Down
1390,MAGIC GIANT,In The Wind,Window
1391,Joji,Sanctuary,Sanctuary
1392,Coldplay,A Head Full of Dreams,Hymn for the Weekend
1393,Edward Sharpe & The Magnetic Zeros,Up from Below,Janglin
1394,Disclosure,Caracal,Omen
1395,The Head and the Heart,Let's Be Still,Shake
1396,Jon Bellion,The Definition,Carry Your Throne
1397,Dennis Kruissen,Falling In Love,Falling In Love
1398,"Earth, Wind & Fire",Greatest Hits,September
1399,Gnavis,12.22.02 Vol. 1,Underwater.
1400,Duke Dumont,Red Light Green Light,Red Light Green Light
1401,Coldplay,A Head Full of Dreams,Adventure of a Lifetime
1402,Kygo,Cloud Nine,Fragile
1403,Bad Suns,Disappear Here,Violet
1404,ODIE,Analogue,Story
1405,Two Door Cinema Club,Winter,Something Good Can Work
1406,MØ,Sun In Our Eyes,Sun In Our Eyes
1407,John Legend,DARKNESS AND LIGHT,Love Me Now
1408,graves,Easy (feat. joni payne),Easy
1409,Khalid,Free Spirit,Talk (feat. Disclosure)
1410,Snoop Dogg,Mac and Devin Go to High School (Music from and Inspired by the Movie),"Young, Wild & Free (feat. Bruno Mars)"
1411,Aquilo,ii,Thin
1412,Snow Patrol,Greatest Hits,Just Say Yes
1413,The Beatles,Abbey Road,Here Comes The Sun - Remastered 2009
1414,Kehlani,You Should Be Here,The Way (feat. Chance the Rapper)
1415,Panic! At The Disco,Pray for the Wicked,Say Amen (Saturday Night)
1416,Disclosure,Caracal,Magnets
1417,Dua Lipa,Dua Lipa,No Goodbyes
1418,dwilly,ADD,ADD
1419,Vance Joy,Dream Your Life Away,Mess Is Mine
1420,Hudson Thames,Lip Tricks,How I Want Ya
1421,The Mowgli's,Waiting For The Dawn,San Francisco
1422,Dominic Fike,What Could Possibly Go Wrong,10x Stronger
1423,Thirteen Senses,The Invitation,Into The Fire
1424,Sia,This Is Acting (Deluxe Version),Cheap Thrills
1425,The Boyboy West Coast,U Was At The Club (Bottoms Up),U Was At The Club (Bottoms Up)
1426,RL Grime,NOVA,I Wanna Know
1427,Bright Eyes,"I'm Wide Awake, It's Morning",First Day Of My Life
1428,Quinn XCII,Change of Scenery,FFYL
1429,Glass Animals,Heat Waves,Heat Waves
1430,Kygo,Cloud Nine,Stole the Show
1431,Cage The Elephant,Tell Me I'm Pretty,Trouble
1432,Rex Orange County,New House,New House
1433,fun.,Some Nights,Carry On
1434,Calvin Harris,Funk Wav Bounces Vol.1,Slide (feat. Frank Ocean & Migos)
1435,Major Lazer,Major Lazer Essentials,Know No Better
1436,RL Grime,NOVA,Atoms - Said the Sky Remix
1437,Dua Lipa,Dua Lipa,Hotter Than Hell
1438,Lukas Graham,Lukas Graham,7 Years
1439,Flosstradamus,Soundclash,Soundclash
1440,U2,Songs Of Innocence,Every Breaking Wave
1441,Red Hot Chili Peppers,Greatest Hits,Under the Bridge
1442,Grouplove,Wadjda,Tongue Tied
1443,Jess Glynne,I Cry When I Laugh,Hold My Hand
1444,Bruno Mars,Unorthodox Jukebox,Locked out of Heaven
1445,half•alive,"Now, Not Yet",Pure Gold
1446,Rita Ora,Phoenix,New Look
1447,Louis The Child,Weekend,Weekend
1448,The Beatles,Sgt. Pepper's Lonely Hearts Club Band,Lucy In The Sky With Diamonds - Remastered 2009
1449,MisterWives,Our Own House,Imagination Infatuation
1450,Vince Staples,Big Fish Theory,Party People
1451,Childish Gambino,This Is America,This Is America
1452,Disclosure,Settle (The Remixes),You & Me - Flume Remix
1453,Mac Miller,Circles,Good News
1454,Young the Giant,Young The Giant,Cough Syrup
1455,Bruno Mars,Doo-Wops & Hooligans,Marry You
1456,The Lumineers,Cleopatra,In The Light
1457,Flume,Skin: The Remixes,Say It - Illenium Remix
1458,Mumford & Sons,Wilder Mind,Wilder Mind
1459,Beyoncé,Lemonade,Hold Up
1460,John Mayer,Battle Studies,Who Says
1461,Eagles,The Very Best of the Eagles,Take It to the Limit - 2013 Remaster
1462,Post Malone,Hollywood's Bleeding,A Thousand Bad Times
1463,asking for a friend,I See A Bird,I See A Bird
1464,The Griswolds,Be Impressive,Beware The Dog
1465,Whethan,Savage (feat. Flux Pavilion & MAX),Savage (feat. Flux Pavilion & MAX)
1466,Elton John,Too Low For Zero,I'm Still Standing
1467,Billie Eilish,dont smile at me,my boy
1468,Glass Animals,How To Be A Human Being,Take A Slice
1469,HARBOUR,Heatwave,Get You High
1470,Khalid,Free Spirit,Hundred
1471,Eagles,The Very Best of the Eagles,Witchy Woman - 2013 Remaster
1472,Zhavia Ward,Candlelight,Candlelight
1473,Kygo,Stargazing - EP,This Town (feat. Sasha Sloan)
1474,The Wallflowers,Bringing Down The Horse,One Headlight
1475,Quinn XCII,The Story of Us,Tourist
1476,alt-J,An Awesome Wave,Tessellate
1477,Jack Johnson,On And On,Taylor
1478,American Authors,Seasons,Deep Water
1479,The Head and the Heart,The Head and the Heart,Rivers and Roads
1480,Marshmello,Happier,Happier
1481,The Vamps,Meet The Vamps,Wild Heart
1482,Alec Benjamin,Oh My God,Oh My God
1483,Social House,Magic In The Hamptons (feat. Lil Yachty),Magic In The Hamptons (feat. Lil Yachty)
1484,The Lumineers,The Lumineers,Stubborn Love
1485,Troye Sivan,Blue Neighbourhood,EASE
1486,Panic! At The Disco,Pray for the Wicked,High Hopes
1487,Theresa Rex,Wild Ones,Wild Ones
1488,Maroon 5,V,Maps
1489,Glass Animals,How To Be A Human Being,Season 2 Episode 3
1490,Still Woozy,Habit,Habit
1491,Wallows,Nothing Happens,Are You Bored Yet? (feat. Clairo)
1492,Tame Impala,Currents,The Less I Know The Better
1493,Jack Johnson,Brushfire Fairytales,Flake
1494,ODESZA,A Moment Apart,Falls (feat. Sasha Sloan)
1495,Yung Gravy,Snow Cougar,1 Thot 2 Thot Red Thot Blue Thot
1496,BANNERS,Empires On Fire,Someone To You
1497,Why Don't We,Unbelievable,Unbelievable
1498,ZAYN,Icarus Falls,Good Years
1499,Sugar Ray,14:59,Every Morning
1500,Electric Light Orchestra,All Over The World: The Very Best Of ELO,Mr. Blue Sky
1501,Whethan,Win You Over,Win You Over
1502,The Fray,The Fray,You Found Me
1503,Hailee Steinfeld,"Let Me Go (with Alesso, Florida Georgia Line & watt)","Let Me Go (with Alesso, Florida Georgia Line & watt)"
1504,Sigrid,Raw,High Five
1505,Labrinth,Euphoria (Original Score from the HBO Series),Forever
1506,Still Woozy,Lately EP,Habit
1507,Calvin Harris,One Kiss (with Dua Lipa),One Kiss (with Dua Lipa)
1508,Galantis,Pharmacy,Runaway (U & I)
1509,Panic! At The Disco,A Fever You Can't Sweat Out,I Write Sins Not Tragedies
1510,Beyoncé,I AM...SASHA FIERCE,Halo
1511,Hippo Campus,warm glow,baseball
1512,Clean Bandit,I Cry When I Laugh,Rather Be (feat. Jess Glynne)
1513,Ingrid Michaelson,Be OK,You And I
1514,Surfaces,Heaven Falls / Fall on Me,Heaven Falls / Fall on Me
1515,BabyJake,Cigarettes On Patios,Cigarettes On Patios
1516,Ella Eyre,Ella Eyre,We Don't Have To Take Our Clothes Off
1517,AJR,Neotheater,Break My Face
1518,Chance the Rapper,Coloring Book,All Night (feat. Knox Fortune)
1519,Kodaline,Politics of Living,Brother
1520,Jonas Brothers,Happiness Begins,Cool
1521,Julieta Venegas,Limon Y Sal,Limón y Sal
1522,Mumford & Sons,Babel,Hopeless Wanderer
1523,Bazzi,COSMIC,Mine
1524,Gorillaz,Demon Days,Feel Good Inc.
1525,Hippo Campus,Landmark,Boyish
1526,Cold War Kids,LA DIVINE,Love Is Mystical
1527,Rence,Baby Blue,Baby Blue
1528,John Mayer,Continuum,Vultures
1529,Mac Miller,Circles,Blue World
1530,Billie Eilish,"WHEN WE ALL FALL ASLEEP, WHERE DO WE GO?",bad guy
1531,Of Monsters and Men,My Head Is An Animal,Slow And Steady
1532,John Mayer,Continuum,Gravity
1533,Jeremih,Late Nights: The Album,oui
1534,blackbear,i feel bad,i feel bad
1535,courtship.,Sunroof,Sunroof
1536,Adele,19,Right As Rain
1537,Two Door Cinema Club,Tourist History,What You Know
1538,Bruno Mars,The Twilight Saga: Breaking Dawn - Part 1,It Will Rain
1539,Maroon 5,Memories,Memories
1540,Sofi Tukker,Purple Hat,Purple Hat
1541,Lykke Li,so sad so sexy,sex money feelings die
1542,Miley Cyrus,Younger Now,Malibu
1543,Corinne Bailey Rae,Corinne Bailey Rae,Put Your Records On
1544,Rihanna,Home,"Dancing In The Dark - From The ""Home"" Soundtrack"
1545,Chef'Special,Passing Through,In Your Arms
1546,Superorganism,Superorganism,Something For Your M.I.N.D.
1547,Jukebox The Ghost,Jukebox The Ghost,Girl
1548,EVAN GIIA,WESTWORLD,WESTWORLD
1549,Zeds Dead,Northern Lights,Blame
1550,Dua Lipa,Want To,Want To
1551,Coldplay,Mylo Xyloto,Paradise
1552,Danrell,Hostage,Hostage
1553,Marshmello,Speak Your Mind,FRIENDS
1554,Dua Lipa,Dua Lipa,Running
1555,P!nk,The Truth About Love,Just Give Me a Reason (feat. Nate Ruess)
1556,Billie Eilish,dont smile at me,hostage
1557,Post Malone,Hollywood's Bleeding,Allergic
1558,Flume,Skin Companion EP I,Heater
1559,Kid Cudi,Man On The Moon II: The Legend Of Mr. Rager,Mr. Rager
1560,DOUBLECAMP,Confetti,Confetti
1561,Queen,News Of The World,We Are The Champions - Remastered 2011
1562,Louis The Child,Kids At Play- EP,Save Me From Myself (with NoMBe & Big Gigantic)
1563,Vance Joy,Nation of Two,Lay It on Me
1564,I'm From Barcelona,Forever Today,Always Spring
1565,MEDUZA,Lose Control,Lose Control
1566,Shakira,El Dorado,Me Enamoré
1567,Troye Sivan,Bloom,Lucky Strike
1568,Vance Joy,Nation of Two,We're Going Home
1569,Silver Warehouse,Games,Games
1570,What So Not,High You Are,High You Are
1571,Hippo Campus,Landmark,Way It Goes
1572,Allie X,Cape God,Love Me Wrong
1573,Yo Gotti,I Still Am,Rake It Up (feat. Nicki Minaj)
1574,Flume,The Difference,The Difference
1575,Bryce Vine,Sunflower Seeds,Sunflower Seeds
1576,Mac Miller,Swimming,Self Care
1577,David Bowie,The Rise and Fall of Ziggy Stardust and the Spiders from Mars,Moonage Daydream - 2012 Remaster
1578,NOTD,So Close (feat. Georgia Ku),So Close
1579,Paramore,Brand New Eyes,The Only Exception
1580,Alvaro Soler,Eterno Agosto,Sofia
1581,Rihanna,Unapologetic,Right Now
1582,blackbear,dead,90210
1583,Mumford & Sons,Wilder Mind,The Wolf
1584,Halsey,hopeless fountain kingdom,Alone
1585,The Lumineers,Cleopatra,Ophelia
1586,Hippo Campus,Landmark,Monsoon
1587,Charli XCX,The Fault In Our Stars: Music From The Motion Picture,Boom Clap - From the Motion Picture Das Schicksal ist ein mieser Verräter
1588,Russ,SHAKE THE SNOW GLOBE,NIGHTTIME (Interlude)
1589,21 Savage,Issa Album,Bank Account
1590,5 Seconds of Summer,Youngblood,Youngblood
1591,Kanye West,Yeezus,Bound 2
1592,GRACEY,If You Loved Me,If You Loved Me
1593,Lorde,Pure Heroine,The Love Club
1594,Mumford & Sons,Wilder Mind,Ditmas
1595,The Beatles,Sgt. Pepper's Lonely Hearts Club Band,Penny Lane - Stereo Mix 2017
1596,Kid Cudi,Man On The Moon: The End Of Day,Day 'N' Nite (nightmare)
1597,Silk City,Electricity (with Dua Lipa),Electricity (with Dua Lipa)
1598,Joy Oladokun,Blame,Blame
1599,Whethan,"Life of a Wallflower, Vol. 1",Together
1600,Jidenna,The Chief,Little Bit More
1601,Dua Lipa,Lost in Your Light (feat. Miguel),Lost In Your Light (feat. Miguel)
1602,The Turtles,Happy Together,Happy Together
1603,Fitz and The Tantrums,More Than Just a Dream,Out of My League
1604,Billy Joel,The Essential Billy Joel,Piano Man
1605,Bill Withers,Still Bill,Lean on Me
1606,AJR,Neotheater,Karma
1607,Louis The Child,Love Is Alive EP,World On Fire
1608,Fitz and The Tantrums,More Than Just a Dream,The Walker
1609,Quinn XCII,From Michigan With Love,Matches
1610,Sia,"LABRINTH, SIA & DIPLO PRESENT... LSD","Heaven Can Wait (feat. Sia, Diplo, and Labrinth)"
1611,Khalid,American Teen,American Teen
1612,alt-J,An Awesome Wave,Breezeblocks
1613,Danny and Alex,"Grand Slam, Thank You Ma'am",Who's Been Smoking You Out?
1614,The Lumineers,The Lumineers,Flapper Girl
1615,Adam Gray,Numb,Numb
1616,Dua Lipa,Dua Lipa,IDGAF
1617,Conan Gray,Maniac,Maniac
1618,Dua Lipa,Blow Your Mind (Mwah),Blow Your Mind (Mwah)
1619,Backstreet Boys,Millennium,I Want It That Way
1620,BANKS,III,Contaminated
1621,Arctic Monkeys,AM,Do I Wanna Know?
1622,Shoffy,I Can't Help (with Sarcastic Sounds),I Can't Help
1623,Sam Smith,How Do You Sleep?,How Do You Sleep?
1624,Sugar Ray,The Best Of Sugar Ray,Someday - Remastered
1625,JAWNY,4Tounce,4Tounce
1626,Rihanna,Loud,S&M
1627,Focus Fire,Dollar,Dollar
1628,Vance Joy,Dream Your Life Away,Riptide
1629,Lord Huron,Lonesome Dreams,Ends of the Earth
1630,Bruno Mars,Unorthodox Jukebox,Treasure
1631,Harry Styles,Fine Line,Watermelon Sugar
1632,Still Woozy,Goodie Bag,Goodie Bag
1633,Black Coast,Trndsttr (feat. M. Maggie),Trndsttr (feat. M. Maggie) - Lucian Remix
1634,Ellie Goulding,Halcyon,Figure 8
1635,Foxwarren,Foxwarren,Sunset Canyon
1636,Jack Johnson,In Between Dreams,"Sitting, Waiting, Wishing"
1637,X Ambassadors,Ahead Of Myself,Ahead Of Myself
1638,Alec Benjamin,Narrated For You,Boy In The Bubble
1639,Donnie Trumpet & The Social Experiment,Surf,Sunday Candy
1640,Alec Benjamin,The Book of You & I,The Book of You & I
1641,Tessa Violet,Crush,Crush
1642,Tame Impala,Currents,Past Life
1643,Selena Gomez,Back To You,Back To You - From 13 Reasons Why – Season 2 Soundtrack
1644,The Weeknd,After Hours,Scared To Live
1645,Logic,Everybody,1-800-273-8255
1646,ILLENIUM,Good Things Fall Apart (with Jon Bellion),Good Things Fall Apart (with Jon Bellion)
1647,Jon Bellion,Glory Sound Prep,Stupid Deep
1648,OneRepublic,Oh My My,Wherever I Go
1649,WALK THE MOON,What If Nothing,One Foot
1650,Grey,Want You Back,Want You Back
1651,Russ,"Psycho, Pt. 2","Psycho, Pt. 2"
1652,Alec Benjamin,The Book of You & I,Mind Is A Prison
1653,Myles Cameron,Yellow,Yellow
1654,MAX,Love Me Less (feat. Kim Petras),Love Me Less (feat. Kim Petras)
1655,Khalid,Free Spirit,Saturday Nights
1656,Sheck Wes,MUDBOY,Mo Bamba
1657,Sub Urban,Cradles,Cradles
1658,Greyson Chance,Boots,Boots
1659,Vampire Weekend,Father of the Bride,Harmony Hall
1660,Jack Harlow,Loose,SUNDOWN
1661,ODESZA,A Moment Apart,Thin Floors And Tall Ceilings
1662,Twenty One Pilots,Blurryface,Tear in My Heart
1663,Dua Lipa,Room For 2,Room for 2
1664,Red Hot Chili Peppers,Californication,Otherside
1665,Hippie Sabotage,The Sunny Album (Deluxe Edition),Your Soul
1666,Lennon Stella,Three. Two. One.,Jealous
1667,Cash Cash,Overtime EP,Overtime
1668,Noah Cyrus,Again (feat. XXXTENTACION),Again (feat. XXXTENTACION)
1669,Louis The Child,Love Is Alive EP,Fire
1670,The Shins,Port Of Morrow,Simple Song
1671,Gryffin,Tie Me Down (with Elley Duhé),Tie Me Down (with Elley Duhé)
1672,Jack Johnson,In Between Dreams,Better Together
1673,Cage The Elephant,Social Cues,Dance Dance
1674,Alessia Cara,The Pains Of Growing,Out Of Love
1675,Megan Thee Stallion,Hot Girl Summer (feat. Nicki Minaj & Ty Dolla $ign),Hot Girl Summer (feat. Nicki Minaj & Ty Dolla $ign)
1676,Elton John,The Lion King,"Can You Feel the Love Tonight - End Title/ From ""The Lion King""/Soundtrack Version"
1677,Alina Baraz,The Color Of You,Electric (feat. Khalid)
1678,Jonas Blue,Rise,Rise
1679,Jonas Brothers,Happiness Begins,Only Human
1680,MGMT,Oracular Spectacular,Kids
1681,Chelcee Grimes,Time to Talk,Time to Talk
1682,Quinn XCII,From Michigan With Love,When I Die
1683,Disclosure,Settle (The Remixes),Latch - DJ Premier Remix
1684,Maude Latour,Ride My Bike,Ride My Bike
1685,The Vamps,Night & Day,What Your Father Says
1686,Shoffy,I Can't Help (with Sarcastic Sounds),I Can't Help (with Sarcastic Sounds)
1687,Mike Posner,31 Minutes to Takeoff,Cooler Than Me - Single Mix
1688,Ben Rector,Magic,Kids
1689,Jeremy Zucker,"summer,",comethru
1690,Whethan,Fifty Shades Freed,High (& Dua Lipa)
1691,French Montana,Jungle Rules,Unforgettable
1692,Goth Babe,Point Mugu,Car Camping
1693,Train,Drops Of Jupiter,Drops of Jupiter (Tell Me)
1694,Stevie Wonder,Songs In The Key Of Life,Sir Duke
1695,Big Wild,Invincible,Invincible
1696,The Temper Trap,Conditions,Sweet Disposition
1697,24kGoldn,DROPPED OUTTA COLLEGE,CITY OF ANGELS
1698,Louis The Child,Right To It (with Ashe),Right To It (with Ashe)
1699,Gavin DeGraw,Chariot - Stripped,Chariot
1700,Lauv,~how i'm feeling~,Modern Loneliness
1701,Jack Antonoff,"Love, Simon (Original Motion Picture Soundtrack)",Never Fall In Love
1702,Adam Jensen,Drugs,Drugs
1703,Camila Cabello,Romance,My Oh My (feat. DaBaby)
1704,Russ,SHAKE THE SNOW GLOBE,BEST ON EARTH (feat. BIA) - Bonus
1705,half•alive,3,Aawake At Night
1706,Post Malone,beerbongs & bentleys,rockstar (feat. 21 Savage)
1707,Joji,BALLADS 1,SLOW DANCING IN THE DARK
1708,Lauv,Superhero,Superhero
1709,Lady Gaga,A Star Is Born Soundtrack,La Vie En Rose
1710,alt-J,RELAXER,In Cold Blood
1711,Gavin DeGraw,Sweeter,Soldier
1712,Gregory Alan Isakov,"That Sea, The Gambler",The Stable Song
1713,Dire Straits,Brothers in Arms,Walk of Life
1714,Bryce Vine,Lazy Fair,Sour Patch Kids
1715,Peach Tree Rascals,Mariposa,Mariposa - Acoustic
1716,Moon Taxi,Let The Record Play,Two High
1717,Robin Schulz,In Your Eyes (feat. Alida),In Your Eyes (feat. Alida)
1718,Martin Garrix,There for You,There for You
1719,The Greeting Committee,I'm Afraid I'm Not Angry,Call In The Morning
1720,Louis The Child,Kids At Play- EP,Dear Sense (with MAX)
1721,Alec Benjamin,These Two Windows,Oh My God
1722,Kim Petras,I Don't Want It At All,I Don't Want It At All
1723,Lorde,Melodrama,The Louvre
1724,John Mayer,Say,Say
1725,Rihanna,Good Girl Gone Bad: Reloaded,Umbrella
1726,Kasbo,Places We Don't Know,Your Tempo
1727,Billie Eilish,"WHEN WE ALL FALL ASLEEP, WHERE DO WE GO?",bury a friend
1728,Wilder Adkins,Love Divine,Love Divine
1729,Sia,"LABRINTH, SIA & DIPLO PRESENT... LSD","No New Friends (feat. Sia, Diplo, and Labrinth)"
1730,Dimitri Vegas & Like Mike,Amsterdam Music Festival - The 2015 Compilation,The Hum
1731,Daya,Insomnia,Insomnia
1732,half•alive,"Now, Not Yet",still feel.
1733,Janelle Monáe,Dirty Computer,Make Me Feel
1734,Van Morrison,The Essential Van Morrison,Brown Eyed Girl
1735,Ashes To Amber,Voodoo Blu,IRIS
1736,Milky Chance,Blossom,Cocoon
1737,Kyan Palmer,Burn Mona Lisa,Poetry in Motion
1738,Sigrid,Don't Kill My Vibe - EP,Fake Friends
1739,Elton John,Goodbye Yellow Brick Road,Goodbye Yellow Brick Road - Remastered 2014
1740,Bea Miller,feel something,feel something
1741,Camila Cabello,Romance,Liar
1742,Tiny Meat Gang,Walk Man,Walk Man
1743,Tiësto,Summer Feelin,Jackie Chan
1744,BØRNS,Dopamine,Past Lives
1745,AJR,The Click,No Grass Today
1746,EVAN GIIA,Absolute Zero,Absolute Zero
1747,Drake,Scorpion,Nice For What
1748,Cheat Codes,Highway,Highway
1749,Mumford & Sons,Wilder Mind,Just Smoke
1750,Queen,A Day At The Races,Somebody To Love - 2011 Mix
1751,Led Zeppelin,Led Zeppelin IV,Stairway to Heaven - Remaster
1752,DOUBLECAMP,Happier,Happier
1753,The Beatles,Yellow Submarine,Yellow Submarine - Remastered
1754,Cash Cash,Matches,Matches
1755,Louis The Child,Kids At Play- EP,Better Not (with Wafia)
1756,Jack Johnson,In Between Dreams,Breakdown
1757,Mustard,Perfect Ten,Pure Water (with Migos)
1758,Billy Joel,The Essential Billy Joel,The Longest Time
1759,Noah Kahan,Hurt Somebody,Catastrophize
1760,boy pablo,Soy Pablo,Feeling Lonely
1761,Phillip Phillips,The World From The Side Of The Moon,"Gone, Gone, Gone"
1762,Bazzi,Soul Searching,Paradise
1763,Rex Orange County,Apricot Princess,Untitled
1764,alt-J,This Is All Yours,Intro
1765,Lorde,Melodrama,Green Light
1766,Chance the Rapper,Coloring Book,Same Drugs
1767,Alexander 23,IDK You Yet/Caught in the Middle,Caught in the Middle
1768,Shoffy,Cool Again,Cool Again
1769,Red Hearse,Red Hearse,Everybody Wants You
1770,Maggie Rogers,Heard It In A Past Life,Alaska
1771,Queen,A Night At The Opera,You're My Best Friend - Remastered 2011
1772,Matt and Kim,Grand,Daylight
1773,Maroon 5,Songs About Jane: 10th Anniversary Edition,This Love
1774,BROCKHAMPTON,GINGER,SUGAR
1775,lovelytheband,finding it hard to smile,broken
1776,Ryan Gosling,La La Land,"City Of Stars - From ""La La Land"" Soundtrack"
1777,Alan Walker,Faded,Faded
1778,Bleachers,Strange Desire,Wild Heart
1779,The Outfield,Big Innings: The Best Of The Outfield,Your Love
1780,J. Cole,KOD,KOD
1781,Elton John,To Be Continued...,Saturday Night's Alright (For Fighting)
1782,Peach Tree Rascals,Mariposa,Mariposa
1783,Alec Benjamin,The Book of You & I,Demons
1784,Taylor Swift,folklore,invisible string
1785,Matt Maeson,The Hearse,Put It On Me
1786,Jack Johnson,Jack Johnson And Friends: Sing-A-Longs And Lullabies For The Film Curious George,People Watching
1787,Bastille,World Gone Mad (From Bright: The Album),World Gone Mad
1788,Kacey Musgraves,Golden Hour,High Horse
1789,Coldplay,Parachutes,Trouble
1790,B.o.B,B.o.B Presents: The Adventures of Bobby Ray,Ghost in the Machine
1791,Bruno Mars,Doo-Wops & Hooligans,The Lazy Song
1792,Sueco the Child,MISCREANT,fast
1793,Louis The Child,Little Things (with Quinn XCII & Chelsea Cutler),Little Things (with Quinn XCII & Chelsea Cutler)
1794,The Beatles,1,Day Tripper - Remastered 2015
1795,Of Monsters and Men,My Head Is An Animal,Lakehouse
1796,Post Malone,Hollywood's Bleeding,Die For Me (feat. Future & Halsey)
1797,Frank Ocean,channel ORANGE,Lost
1798,Rex Orange County,Pony,Always
1799,The Naked And Famous,"Passive Me, Aggressive You",Young Blood
1800,Tones And I,Dance Monkey (Stripped Back) / Dance Monkey,Dance Monkey
1801,Alvaro Soler,Eterno Agosto,El Mismo Sol
1802,Mike Posner,31 Minutes to Takeoff,Please Don't Go
1803,MØ,Nights With You,Nights With You
1804,Keenan,No Good For You (feat. Jaymes Young),No Good For You (feat. Jaymes Young)
1805,Rex Orange County,Pony,It's Not The Same Anymore
1806,Martin Garrix,Summer Days (feat. Macklemore & Patrick Stump of Fall Out Boy),Summer Days (feat. Macklemore & Patrick Stump of Fall Out Boy)
1807,SAINt JHN,Roses (Imanbek Remix),Roses - Imanbek Remix
1808,Bazzi,Soul Searching,No Way!
1809,Zhavia Ward,Killing Me Softly With His Song,Killing Me Softly With His Song - The Four Performance
1810,Jonas Brothers,Happiness Begins,Sucker
1811,Jon Bellion,The Human Condition,Morning In America
1812,Two Feet,A 20 Something Fuck,I Feel Like I'm Drowning
1813,Manchester Orchestra,A Black Mile To The Surface,The Gold
1814,Dominic Fike,What Could Possibly Go Wrong,Why
1815,Maggie Mulvihill,Type of Love,Type of Love
1816,Souly Had,B.L.I.S.S.,Overrated
1817,Luv Drunk,Honesty,Honesty
1818,Bazzi,Soul Searching,Live Forever
1819,Digital Farm Animals,Tokyo Nights,Tokyo Nights
1820,Capital Cities,In A Tidal Wave Of Mystery,One Minute More
1821,Khalid,Free Spirit,Alive
1822,The Revivalists,Take Good Care,All My Friends
1823,Twenty One Pilots,Vessel,House of Gold
1824,Quinn XCII,From Michigan With Love,Tough (feat. Noah Kahan)
1825,Drake,Views,Too Good
1826,Guster,Ganging Up On The Sun,Satellite
1827,Flo Rida,Wild Ones,Good Feeling
1828,Sigrid,Sucker Punch,Strangers
1829,Bryce Vine,Lazy Fair,Guilty Pleasure
